axis,value,seed,method,n_true,n_detected,tp,recall,precision,f1,f1_any,dwell_err,depth_err,level_acc,bound_err_us,runtime_s,error
snr,2.0,0,nano_ext[dpgmm],177,0,0,0.0,0.0,0.0,0.0,,,,,7.809580820999599,
snr,2.0,0,nano_ext[dpgmm]-no_dp_prior,177,0,0,0.0,0.0,0.0,0.0,,,,,7.654309429000023,
snr,2.0,0,nano_ext[dpgmm]-no_thinning,177,0,0,0.0,0.0,0.0,0.0,,,,,4.952492433000316,
snr,2.0,0,nano_ext[dpgmm]-no_merge,177,0,0,0.0,0.0,0.0,0.0,,,,,5.8981184029998985,
snr,2.0,1,nano_ext[dpgmm],186,0,0,0.0,0.0,0.0,0.0,,,,,6.029181243000039,
snr,2.0,1,nano_ext[dpgmm]-no_dp_prior,186,0,0,0.0,0.0,0.0,0.0,,,,,6.183482912999807,
snr,2.0,1,nano_ext[dpgmm]-no_thinning,186,0,0,0.0,0.0,0.0,0.0,,,,,5.522922725000171,
snr,2.0,1,nano_ext[dpgmm]-no_merge,186,0,0,0.0,0.0,0.0,0.0,,,,,6.0349656150001465,
snr,2.0,2,nano_ext[dpgmm],211,0,0,0.0,0.0,0.0,0.0,,,,,4.961193352999999,
snr,2.0,2,nano_ext[dpgmm]-no_dp_prior,211,0,0,0.0,0.0,0.0,0.0,,,,,5.385864373000004,
snr,2.0,2,nano_ext[dpgmm]-no_thinning,211,0,0,0.0,0.0,0.0,0.0,,,,,5.53743582900006,
snr,2.0,2,nano_ext[dpgmm]-no_merge,211,3,0,0.0,0.0,0.0,0.02803738317757009,,,,,5.926795976999983,
snr,2.0,3,nano_ext[dpgmm],186,0,0,0.0,0.0,0.0,0.0,,,,,5.715857052000047,
snr,2.0,3,nano_ext[dpgmm]-no_dp_prior,186,0,0,0.0,0.0,0.0,0.0,,,,,5.9742726200001925,
snr,2.0,3,nano_ext[dpgmm]-no_merge,186,4,0,0.0,0.0,0.0,0.04210526315789474,,,,,5.473111449000044,
snr,2.0,3,nano_ext[dpgmm]-no_thinning,186,0,0,0.0,0.0,0.0,0.0,,,,,5.741994337000051,
snr,2.0,4,nano_ext[dpgmm]-no_dp_prior,194,0,0,0.0,0.0,0.0,0.0,,,,,5.013007046999974,
snr,2.0,4,nano_ext[dpgmm],194,0,0,0.0,0.0,0.0,0.0,,,,,5.383030822999899,
snr,2.0,4,nano_ext[dpgmm]-no_merge,194,2,0,0.0,0.0,0.0,0.020408163265306124,,,,,5.979472830000304,
snr,2.0,4,nano_ext[dpgmm]-no_thinning,194,0,0,0.0,0.0,0.0,0.0,,,,,6.546502232999956,
snr,3.0,0,nano_ext[dpgmm],177,72,6,0.03389830508474576,0.08333333333333333,0.048192771084337345,0.46586345381526095,0.45609985718076795,0.18417936960856118,0.8333333333333334,,5.5948238279997895,
snr,3.0,0,nano_ext[dpgmm]-no_dp_prior,177,72,6,0.03389830508474576,0.08333333333333333,0.048192771084337345,0.46586345381526095,0.45609985718076795,0.18417936960856118,0.8333333333333334,,6.224360417000298,
snr,3.0,0,nano_ext[dpgmm]-no_merge,177,76,7,0.03954802259887006,0.09210526315789473,0.05533596837944664,0.4822134387351779,0.4460857964035294,0.18201243082682292,0.8571428571428571,,5.703457411999807,
snr,3.0,0,nano_ext[dpgmm]-no_thinning,177,72,6,0.03389830508474576,0.08333333333333333,0.048192771084337345,0.46586345381526095,0.45609985718076795,0.18417936960856118,0.8333333333333334,,5.339751743999841,
snr,3.0,1,nano_ext[dpgmm],186,79,6,0.03225806451612903,0.0759493670886076,0.04528301886792453,0.4830188679245283,0.23483897578618507,0.18968626658121737,0.8333333333333334,,5.753117129999737,
snr,3.0,1,nano_ext[dpgmm]-no_dp_prior,186,85,11,0.05913978494623656,0.12941176470588237,0.08118081180811808,0.5166051660516606,0.3230752191951759,0.17339769999186197,0.8181818181818182,,5.839288455999849,
snr,3.0,1,nano_ext[dpgmm]-no_thinning,186,79,6,0.03225806451612903,0.0759493670886076,0.04528301886792453,0.4830188679245283,0.23483897578618507,0.18968626658121737,0.8333333333333334,,5.751376504000291,
snr,3.0,1,nano_ext[dpgmm]-no_merge,186,167,55,0.2956989247311828,0.32934131736526945,0.311614730878187,0.7592067988668555,0.30329630829500615,0.1143713633219401,0.7636363636363637,,6.741832786000032,
snr,3.0,2,nano_ext[dpgmm],211,0,0,0.0,0.0,0.0,0.0,,,,,5.449342000999877,
snr,3.0,2,nano_ext[dpgmm]-no_dp_prior,211,0,0,0.0,0.0,0.0,0.0,,,,,5.66388471800019,
snr,3.0,2,nano_ext[dpgmm]-no_merge,211,140,31,0.14691943127962084,0.22142857142857142,0.17663817663817666,0.6153846153846154,0.35248599263094293,0.1418056488037108,0.9032258064516129,,6.181078169000102,
snr,3.0,2,nano_ext[dpgmm]-no_thinning,211,0,0,0.0,0.0,0.0,0.0,,,,,5.6833410310000545,
snr,3.0,3,nano_ext[dpgmm]-no_dp_prior,186,0,0,0.0,0.0,0.0,0.0,,,,,4.553481723999994,
snr,3.0,3,nano_ext[dpgmm],186,0,0,0.0,0.0,0.0,0.0,,,,,5.786746470000253,
snr,3.0,3,nano_ext[dpgmm]-no_thinning,186,0,0,0.0,0.0,0.0,0.0,,,,,5.3022019730001375,
snr,3.0,3,nano_ext[dpgmm]-no_merge,186,171,40,0.21505376344086022,0.23391812865497075,0.22408963585434172,0.6666666666666666,0.29486227070970605,0.12342586517333985,0.825,,6.192398024999875,
snr,3.0,4,nano_ext[dpgmm]-no_dp_prior,194,0,0,0.0,0.0,0.0,0.0,,,,,5.542073015000369,
snr,3.0,4,nano_ext[dpgmm],194,81,11,0.05670103092783505,0.13580246913580246,0.08,0.4727272727272728,0.33839389288235794,0.1816513061523439,0.7272727272727273,,5.876642495000397,
snr,3.0,4,nano_ext[dpgmm]-no_merge,194,194,54,0.27835051546391754,0.27835051546391754,0.27835051546391754,0.7577319587628866,0.30704333363864944,0.10399386088053379,0.7037037037037037,,6.463338757000201,
snr,3.0,4,nano_ext[dpgmm]-no_thinning,194,81,11,0.05670103092783505,0.13580246913580246,0.08,0.4727272727272728,0.33839389288235794,0.1816513061523439,0.7272727272727273,,6.145503274000021,
snr,5.0,0,nano_ext[dpgmm],177,192,150,0.847457627118644,0.78125,0.8130081300813008,0.9322493224932249,0.029920049989693998,0.055304029294947515,0.58,,8.40273925800011,
snr,5.0,0,nano_ext[dpgmm]-no_dp_prior,177,192,150,0.847457627118644,0.78125,0.8130081300813008,0.9322493224932249,0.029920049989693998,0.055304029294947515,0.58,,10.166043050000098,
snr,5.0,0,nano_ext[dpgmm]-no_merge,177,169,127,0.7175141242937854,0.7514792899408284,0.7341040462427746,0.9479768786127167,0.05212718613337158,0.04843629201253244,0.6692913385826772,738.5741875904905,7.91584446700017,
snr,5.0,0,nano_ext[dpgmm]-no_thinning,177,192,150,0.847457627118644,0.78125,0.8130081300813008,0.9322493224932249,0.029920049989693998,0.055304029294947515,0.5866666666666667,211.21325659345658,15.072463950000383,
snr,5.0,1,nano_ext[dpgmm],186,191,169,0.9086021505376344,0.8848167539267016,0.896551724137931,0.9655172413793104,0.02206364205234062,0.056284523010253905,0.5739644970414202,18.961103111836408,10.32432400100015,
snr,5.0,1,nano_ext[dpgmm]-no_merge,186,189,166,0.8924731182795699,0.8783068783068783,0.8853333333333333,0.9706666666666668,0.02051072878700319,0.054395018560731215,0.5602409638554217,0.6879518315017208,9.226322657999845,
snr,5.0,1,nano_ext[dpgmm]-no_dp_prior,186,191,169,0.9086021505376344,0.8848167539267016,0.896551724137931,0.9655172413793104,0.02206364205234062,0.056284523010253905,0.5739644970414202,18.961103111836408,11.854571017000126,
snr,5.0,2,nano_ext[dpgmm],211,220,179,0.8483412322274881,0.8136363636363636,0.8306264501160092,0.9559164733178654,0.019967684168022568,0.052751922607421876,0.6536312849162011,627.7140921497337,10.225456140999995,
snr,5.0,1,nano_ext[dpgmm]-no_thinning,186,191,169,0.9086021505376344,0.8848167539267016,0.896551724137931,0.9655172413793104,0.02206364205234062,0.056284523010253905,0.5798816568047337,153.9731463294225,17.571253438999975,
snr,5.0,2,nano_ext[dpgmm]-no_dp_prior,211,219,179,0.8483412322274881,0.817351598173516,0.8325581395348837,0.9581395348837208,0.019967684168022568,0.052751922607421876,0.6536312849162011,623.7140921497297,13.76010251200023,
snr,5.0,2,nano_ext[dpgmm]-no_merge,211,210,172,0.8151658767772512,0.819047619047619,0.8171021377672208,0.9691211401425178,0.024565190538566054,0.051007493336995446,0.6569767441860465,8.409558216904145,9.733341479000046,
snr,5.0,3,nano_ext[dpgmm],186,193,159,0.8548387096774194,0.8238341968911918,0.8390501319261214,0.9762532981530344,0.019723153180055582,0.046793276137982745,0.6289308176100629,4.936409884859216,10.015596736000134,
snr,5.0,2,nano_ext[dpgmm]-no_thinning,211,220,179,0.8483412322274881,0.8136363636363636,0.8306264501160092,0.9559164733178654,0.019967684168022568,0.052751922607421876,0.6536312849162011,8.409558216904145,20.590347770000335,
snr,5.0,3,nano_ext[dpgmm]-no_dp_prior,186,193,159,0.8548387096774194,0.8238341968911918,0.8390501319261214,0.9762532981530344,0.019723153180055582,0.046793276137982745,0.6415094339622641,5.985295221666576,13.70271222800011,
snr,5.0,3,nano_ext[dpgmm]-no_merge,186,193,159,0.8548387096774194,0.8238341968911918,0.8390501319261214,0.9762532981530344,0.019723153180055582,0.046793276137982745,0.6289308176100629,4.936409884859216,9.191794586000015,
snr,5.0,4,nano_ext[dpgmm],194,215,163,0.8402061855670103,0.7581395348837209,0.7970660146699265,0.9339853300733497,0.021456863685261673,0.04846547444661458,0.6319018404907976,3.0081056431457975,8.788543910000044,
snr,5.0,3,nano_ext[dpgmm]-no_thinning,186,193,159,0.8548387096774194,0.8238341968911918,0.8390501319261214,0.9762532981530344,0.019723153180055582,0.046793276137982745,0.6289308176100629,9.985295221337509,17.750468556000214,
snr,5.0,4,nano_ext[dpgmm]-no_dp_prior,194,215,163,0.8402061855670103,0.7581395348837209,0.7970660146699265,0.9339853300733497,0.022303087924748128,0.04846547444661458,0.6380368098159509,3.286974901990647,11.226192242999787,
snr,5.0,4,nano_ext[dpgmm]-no_merge,194,216,167,0.8608247422680413,0.7731481481481481,0.8146341463414635,0.9317073170731708,0.019890059417486634,0.04512748718261706,0.6227544910179641,3.286974901990647,10.674484151999877,
snr,8.0,0,nano_ext[dpgmm],177,175,175,0.9887005649717514,1.0,0.9943181818181819,0.9943181818181819,0.0046973820369213964,0.027380537651509666,0.7771428571428571,5.040917347098883,9.80666212799997,
snr,5.0,4,nano_ext[dpgmm]-no_thinning,194,215,163,0.8402061855670103,0.7581395348837209,0.7970660146699265,0.9339853300733497,0.021456863685261673,0.04846547444661458,0.6134969325153374,3.286974901990647,16.87898808400041,
snr,8.0,0,nano_ext[dpgmm]-no_dp_prior,177,175,175,0.9887005649717514,1.0,0.9943181818181819,0.9943181818181819,0.004679076386612855,0.028095749828377068,0.7885714285714286,4.9279324636497535,10.481064369999785,
snr,8.0,0,nano_ext[dpgmm]-no_merge,177,175,175,0.9887005649717514,1.0,0.9943181818181819,0.9943181818181819,0.0047185916676979345,0.028095749828377068,0.7771428571428571,4.9279324636497535,9.353137009999955,
snr,8.0,1,nano_ext[dpgmm],186,186,186,1.0,1.0,1.0,1.0,0.005046260405323265,0.022667819522772338,0.7849462365591398,2.950270738488747,8.94222136099961,
snr,8.0,0,nano_ext[dpgmm]-no_thinning,177,175,175,0.9887005649717514,1.0,0.9943181818181819,0.9943181818181819,0.0046973820369213964,0.027380537651509666,0.7771428571428571,4.305514992836157,16.261048143999687,
snr,8.0,1,nano_ext[dpgmm]-no_dp_prior,186,186,186,1.0,1.0,1.0,1.0,0.005046260405323265,0.022667819522772338,0.8118279569892473,3.158436121086794,10.780093796000074,
snr,8.0,1,nano_ext[dpgmm]-no_merge,186,186,186,1.0,1.0,1.0,1.0,0.004937456894449381,0.021972252682303024,0.7688172043010753,2.950270738488747,9.881603574999644,
snr,8.0,2,nano_ext[dpgmm],211,211,211,1.0,1.0,1.0,1.0,0.0054064500436915505,0.02610605105168095,0.8056872037914692,3.720857539579736,11.492102217000138,
snr,8.0,1,nano_ext[dpgmm]-no_thinning,186,186,186,1.0,1.0,1.0,1.0,0.005046260405323265,0.022667819522772338,0.7903225806451613,4.413665546820766,18.988723926999683,
snr,8.0,2,nano_ext[dpgmm]-no_merge,211,211,211,1.0,1.0,1.0,1.0,0.0054064500436915505,0.02610605105168095,0.7962085308056872,3.7276229294391783,9.888637394999932,
snr,8.0,2,nano_ext[dpgmm]-no_dp_prior,211,211,211,1.0,1.0,1.0,1.0,0.0054064500436915505,0.02610605105168095,0.8293838862559242,3.6477889682196007,11.935146717999942,
snr,8.0,3,nano_ext[dpgmm],186,186,186,1.0,1.0,1.0,1.0,0.005565453733185673,0.025229263305664065,0.7580645161290323,6.484450008947817,11.054736027000217,
snr,8.0,2,nano_ext[dpgmm]-no_thinning,211,211,211,1.0,1.0,1.0,1.0,0.0054064500436915505,0.02610605105168095,0.8009478672985783,4.298991774787098,20.430599703000098,
snr,8.0,3,nano_ext[dpgmm]-no_dp_prior,186,186,186,1.0,1.0,1.0,1.0,0.005565453733185673,0.025229263305664065,0.7849462365591398,5.299516308232555,13.062010525000005,
snr,8.0,3,nano_ext[dpgmm]-no_merge,186,186,186,1.0,1.0,1.0,1.0,0.00563744715661069,0.024742406024117942,0.7473118279569892,5.932791382279312,10.942667530000108,
snr,8.0,4,nano_ext[dpgmm],194,193,193,0.9948453608247423,1.0,0.9974160206718347,0.9974160206718347,0.004996522679423286,0.02219670613606759,0.8082901554404145,3.779579076379491,8.691847855000105,
snr,8.0,3,nano_ext[dpgmm]-no_thinning,186,186,186,1.0,1.0,1.0,1.0,0.005565453733185673,0.025229263305664065,0.7688172043010753,5.861526276795814,18.677583074999802,
snr,8.0,4,nano_ext[dpgmm]-no_dp_prior,194,193,193,0.9948453608247423,1.0,0.9974160206718347,0.9974160206718347,0.004996522679423286,0.02219670613606759,0.8134715025906736,5.051595064475833,11.40205141000024,
snr,8.0,4,nano_ext[dpgmm]-no_merge,194,193,193,0.9948453608247423,1.0,0.9974160206718347,0.9974160206718347,0.005080894482735691,0.0228179931640625,0.7979274611398963,3.870303698416677,9.401973501999692,
snr,15.0,0,nano_ext[dpgmm],177,175,175,0.9887005649717514,1.0,0.9943181818181819,0.9943181818181819,0.015205540659352113,0.022666486104329427,0.8114285714285714,2.830453559421464,8.4698169039998,
snr,8.0,4,nano_ext[dpgmm]-no_thinning,194,193,193,0.9948453608247423,1.0,0.9974160206718347,0.9974160206718347,0.004996522679423286,0.02219670613606759,0.7979274611398963,3.870303698416677,17.09040981199996,
snr,15.0,0,nano_ext[dpgmm]-no_dp_prior,177,175,175,0.9887005649717514,1.0,0.9943181818181819,0.9943181818181819,0.015205540659352113,0.023096270372144272,0.8114285714285714,2.830453559421464,10.591354868000053,
snr,15.0,0,nano_ext[dpgmm]-no_merge,177,175,175,0.9887005649717514,1.0,0.9943181818181819,0.9943181818181819,0.017779799155816997,0.025501759847005208,0.8057142857142857,3.1580233120220846,7.789377318000334,
snr,15.0,1,nano_ext[dpgmm],186,186,186,1.0,1.0,1.0,1.0,0.013870330168628636,0.021494290587304406,0.8225806451612904,2.2146318157112432,9.295348755000305,
snr,15.0,0,nano_ext[dpgmm]-no_thinning,177,175,175,0.9887005649717514,1.0,0.9943181818181819,0.9943181818181819,0.015205540659352113,0.022666486104329427,0.7885714285714286,3.5372849822579155,16.008167568000317,
snr,15.0,1,nano_ext[dpgmm]-no_dp_prior,186,186,186,1.0,1.0,1.0,1.0,0.013870330168628636,0.021494290587304406,0.8333333333333334,2.044170540838053,8.214877782999793,
snr,15.0,1,nano_ext[dpgmm]-no_merge,186,186,186,1.0,1.0,1.0,1.0,0.0169027066811425,0.02241471632546531,0.7903225806451613,2.2366287428313147,9.568424805000177,
snr,15.0,2,nano_ext[dpgmm],211,211,211,1.0,1.0,1.0,1.0,0.01839337863922556,0.024022674560546874,0.8293838862559242,2.6191835240663153,10.224005416999717,
snr,15.0,1,nano_ext[dpgmm]-no_thinning,186,186,186,1.0,1.0,1.0,1.0,0.013870330168628636,0.021494290587304406,0.8010752688172043,1.9806303587568963,16.98715859899994,
snr,15.0,2,nano_ext[dpgmm]-no_dp_prior,211,211,211,1.0,1.0,1.0,1.0,0.01839337863922556,0.024022674560546874,0.8388625592417062,2.6191835240663153,10.96893731099999,
snr,15.0,2,nano_ext[dpgmm]-no_merge,211,211,211,1.0,1.0,1.0,1.0,0.018766911899869135,0.024022674560546874,0.8199052132701422,2.7092239522907846,11.516179332999855,
snr,15.0,3,nano_ext[dpgmm],186,186,186,1.0,1.0,1.0,1.0,0.012876929935498006,0.01925412364417941,0.8064516129032258,3.2475820587463122,9.345667172000049,
snr,15.0,2,nano_ext[dpgmm]-no_thinning,211,211,211,1.0,1.0,1.0,1.0,0.01839337863922556,0.024022674560546874,0.8199052132701422,2.616238854669106,18.79748764900023,
snr,15.0,3,nano_ext[dpgmm]-no_dp_prior,186,186,186,1.0,1.0,1.0,1.0,0.012876929935498006,0.01925412364417941,0.8118279569892473,3.142191339081113,11.553258434999861,
snr,15.0,3,nano_ext[dpgmm]-no_merge,186,186,186,1.0,1.0,1.0,1.0,0.018362995829327336,0.02282563899025481,0.7849462365591398,3.2475820587463122,9.685790719999659,
snr,15.0,4,nano_ext[dpgmm],194,193,193,0.9948453608247423,1.0,0.9974160206718347,0.9974160206718347,0.014398521354318359,0.020715077718098957,0.8290155440414507,2.885328170165735,8.42707545500025,
snr,15.0,3,nano_ext[dpgmm]-no_thinning,186,186,186,1.0,1.0,1.0,1.0,0.012876929935498006,0.01925412364417941,0.7849462365591398,3.0240933532876824,19.992663489999813,
snr,15.0,4,nano_ext[dpgmm]-no_dp_prior,194,193,193,0.9948453608247423,1.0,0.9974160206718347,0.9974160206718347,0.014398521354318359,0.020715077718098957,0.8341968911917098,2.770089406078924,10.88494985899979,
snr,15.0,4,nano_ext[dpgmm]-no_merge,194,193,193,0.9948453608247423,1.0,0.9974160206718347,0.9974160206718347,0.019508852008687325,0.022448005562300262,0.8186528497409327,2.770089406078924,10.04200494900033,
dwell,1e-05,0,nano_ext[dpgmm],187,0,0,0.0,0.0,0.0,0.0,,,,,5.677060571999846,
snr,15.0,4,nano_ext[dpgmm]-no_thinning,194,193,193,0.9948453608247423,1.0,0.9974160206718347,0.9974160206718347,0.014398521354318359,0.020715077718098957,0.8134715025906736,2.904259455149827,16.05129576199988,
dwell,1e-05,0,nano_ext[dpgmm]-no_dp_prior,187,0,0,0.0,0.0,0.0,0.0,,,,,5.3505521739998585,
dwell,1e-05,0,nano_ext[dpgmm]-no_merge,187,0,0,0.0,0.0,0.0,0.0,,,,,5.415513354000268,
dwell,1e-05,0,nano_ext[dpgmm]-no_thinning,187,0,0,0.0,0.0,0.0,0.0,,,,,5.633120000999952,
dwell,1e-05,1,nano_ext[dpgmm],194,0,0,0.0,0.0,0.0,0.0,,,,,4.939535249000073,
dwell,1e-05,1,nano_ext[dpgmm]-no_dp_prior,194,0,0,0.0,0.0,0.0,0.0,,,,,5.184649798999999,
dwell,1e-05,1,nano_ext[dpgmm]-no_merge,194,0,0,0.0,0.0,0.0,0.0,,,,,5.8275420800000575,
dwell,1e-05,1,nano_ext[dpgmm]-no_thinning,194,0,0,0.0,0.0,0.0,0.0,,,,,5.782214666000073,
dwell,1e-05,2,nano_ext[dpgmm],223,0,0,0.0,0.0,0.0,0.0,,,,,5.553854539999975,
dwell,1e-05,2,nano_ext[dpgmm]-no_dp_prior,223,0,0,0.0,0.0,0.0,0.0,,,,,4.770690973000001,
dwell,1e-05,2,nano_ext[dpgmm]-no_merge,223,0,0,0.0,0.0,0.0,0.0,,,,,6.290329370000109,
dwell,1e-05,2,nano_ext[dpgmm]-no_thinning,223,0,0,0.0,0.0,0.0,0.0,,,,,5.078715887999806,
dwell,1e-05,3,nano_ext[dpgmm],201,0,0,0.0,0.0,0.0,0.0,,,,,5.402804672000002,
dwell,1e-05,3,nano_ext[dpgmm]-no_dp_prior,201,0,0,0.0,0.0,0.0,0.0,,,,,5.468456398999933,
dwell,1e-05,3,nano_ext[dpgmm]-no_merge,201,0,0,0.0,0.0,0.0,0.0,,,,,5.004581640000197,
dwell,1e-05,3,nano_ext[dpgmm]-no_thinning,201,0,0,0.0,0.0,0.0,0.0,,,,,5.444471507999879,
dwell,1e-05,4,nano_ext[dpgmm],206,0,0,0.0,0.0,0.0,0.0,,,,,6.295135066000057,
dwell,1e-05,4,nano_ext[dpgmm]-no_dp_prior,206,0,0,0.0,0.0,0.0,0.0,,,,,4.929766686000221,
dwell,1e-05,4,nano_ext[dpgmm]-no_merge,206,0,0,0.0,0.0,0.0,0.0,,,,,6.230397215999801,
dwell,1e-05,4,nano_ext[dpgmm]-no_thinning,206,0,0,0.0,0.0,0.0,0.0,,,,,4.934240168000088,
dwell,3e-05,0,nano_ext[dpgmm],187,0,0,0.0,0.0,0.0,0.0,,,,,5.083877811000093,
dwell,3e-05,0,nano_ext[dpgmm]-no_dp_prior,187,0,0,0.0,0.0,0.0,0.0,,,,,6.140667493999899,
dwell,3e-05,0,nano_ext[dpgmm]-no_merge,187,0,0,0.0,0.0,0.0,0.0,,,,,5.443133464999846,
dwell,3e-05,0,nano_ext[dpgmm]-no_thinning,187,0,0,0.0,0.0,0.0,0.0,,,,,4.765135756999825,
dwell,3e-05,1,nano_ext[dpgmm],194,0,0,0.0,0.0,0.0,0.0,,,,,5.198391060000176,
dwell,3e-05,1,nano_ext[dpgmm]-no_dp_prior,194,0,0,0.0,0.0,0.0,0.0,,,,,5.094037553999897,
dwell,3e-05,1,nano_ext[dpgmm]-no_merge,194,0,0,0.0,0.0,0.0,0.0,,,,,6.118700302999969,
dwell,3e-05,1,nano_ext[dpgmm]-no_thinning,194,0,0,0.0,0.0,0.0,0.0,,,,,5.574429472999782,
dwell,3e-05,2,nano_ext[dpgmm],223,0,0,0.0,0.0,0.0,0.0,,,,,6.331385890000092,
dwell,3e-05,2,nano_ext[dpgmm]-no_dp_prior,223,0,0,0.0,0.0,0.0,0.0,,,,,4.534739582999919,
dwell,3e-05,2,nano_ext[dpgmm]-no_merge,223,0,0,0.0,0.0,0.0,0.0,,,,,5.780501131000165,
dwell,3e-05,2,nano_ext[dpgmm]-no_thinning,223,0,0,0.0,0.0,0.0,0.0,,,,,5.794024589999935,
dwell,3e-05,3,nano_ext[dpgmm],201,0,0,0.0,0.0,0.0,0.0,,,,,5.235062813000241,
dwell,3e-05,3,nano_ext[dpgmm]-no_dp_prior,201,0,0,0.0,0.0,0.0,0.0,,,,,5.380626259999644,
dwell,3e-05,3,nano_ext[dpgmm]-no_merge,201,0,0,0.0,0.0,0.0,0.0,,,,,5.462281832000372,
dwell,3e-05,3,nano_ext[dpgmm]-no_thinning,201,0,0,0.0,0.0,0.0,0.0,,,,,4.839004133999879,
dwell,3e-05,4,nano_ext[dpgmm],206,0,0,0.0,0.0,0.0,0.0,,,,,5.892947844999981,
dwell,3e-05,4,nano_ext[dpgmm]-no_dp_prior,206,0,0,0.0,0.0,0.0,0.0,,,,,5.5463263820001885,
dwell,3e-05,4,nano_ext[dpgmm]-no_merge,206,0,0,0.0,0.0,0.0,0.0,,,,,5.497870235999926,
dwell,3e-05,4,nano_ext[dpgmm]-no_thinning,206,0,0,0.0,0.0,0.0,0.0,,,,,5.906512616999862,
dwell,0.0001,0,nano_ext[dpgmm],186,9,9,0.04838709677419355,1.0,0.09230769230769231,0.09230769230769231,0.009935287711450346,0.08252500019951094,0.4444444444444444,,5.4076577569999245,
dwell,0.0001,0,nano_ext[dpgmm]-no_dp_prior,186,9,9,0.04838709677419355,1.0,0.09230769230769231,0.09230769230769231,0.009935287711450346,0.08252500019951094,0.4444444444444444,,5.62772796299987,
dwell,0.0001,0,nano_ext[dpgmm]-no_merge,186,10,10,0.053763440860215055,1.0,0.10204081632653061,0.10204081632653061,0.009503763349276198,0.08877964615186475,0.4,,6.34803285199996,
dwell,0.0001,0,nano_ext[dpgmm]-no_thinning,186,9,9,0.04838709677419355,1.0,0.09230769230769231,0.09230769230769231,0.009935287711450346,0.08252500019951094,0.4444444444444444,,5.638439207999909,
dwell,0.0001,1,nano_ext[dpgmm],192,10,10,0.052083333333333336,1.0,0.09900990099009901,0.09900990099009901,0.028835595877969245,0.04466451009114583,0.7,,5.27959390299975,
dwell,0.0001,1,nano_ext[dpgmm]-no_dp_prior,192,10,10,0.052083333333333336,1.0,0.09900990099009901,0.09900990099009901,0.028835595877969245,0.04466451009114583,0.7,,6.236847905000104,
dwell,0.0001,1,nano_ext[dpgmm]-no_merge,192,10,10,0.052083333333333336,1.0,0.09900990099009901,0.09900990099009901,0.028749633931830658,0.05466330846150716,0.7,,6.16139229800001,
dwell,0.0001,1,nano_ext[dpgmm]-no_thinning,192,10,10,0.052083333333333336,1.0,0.09900990099009901,0.09900990099009901,0.028835595877969245,0.04466451009114583,0.7,,5.608638512000198,
dwell,0.0001,2,nano_ext[dpgmm]-no_dp_prior,222,14,14,0.06306306306306306,1.0,0.11864406779661016,0.11864406779661016,0.02748198114938505,0.08445351918538412,0.7142857142857143,,5.063247971000237,
dwell,0.0001,2,nano_ext[dpgmm],222,14,14,0.06306306306306306,1.0,0.11864406779661016,0.11864406779661016,0.02748198114938505,0.08445351918538412,0.7142857142857143,,5.121896838999874,
dwell,0.0001,2,nano_ext[dpgmm]-no_thinning,222,14,14,0.06306306306306306,1.0,0.11864406779661016,0.11864406779661016,0.02748198114938505,0.08445351918538412,0.7142857142857143,,4.98011694600018,
dwell,0.0001,2,nano_ext[dpgmm]-no_merge,222,14,14,0.06306306306306306,1.0,0.11864406779661016,0.11864406779661016,0.03343489450548329,0.08887430826822917,0.7142857142857143,,6.100217806000273,
dwell,0.0001,3,nano_ext[dpgmm],201,9,9,0.04477611940298507,1.0,0.08571428571428572,0.08571428571428572,0.009811938724803727,0.07530460357666016,0.5555555555555556,,5.29271668399997,
dwell,0.0001,3,nano_ext[dpgmm]-no_dp_prior,201,9,9,0.04477611940298507,1.0,0.08571428571428572,0.08571428571428572,0.009811938724803727,0.07530460357666016,0.5555555555555556,,5.075209093000012,
dwell,0.0001,3,nano_ext[dpgmm]-no_merge,201,9,9,0.04477611940298507,1.0,0.08571428571428572,0.08571428571428572,0.009811938724803727,0.07530460357666016,0.5555555555555556,,4.515530670999851,
dwell,0.0001,3,nano_ext[dpgmm]-no_thinning,201,9,9,0.04477611940298507,1.0,0.08571428571428572,0.08571428571428572,0.009811938724803727,0.07530460357666016,0.5555555555555556,,5.217759244999797,
dwell,0.0001,4,nano_ext[dpgmm],206,12,12,0.05825242718446602,1.0,0.11009174311926606,0.11009174311926606,0.02201044728131782,0.03586159162272429,0.4166666666666667,,5.383178873999896,
dwell,0.0001,4,nano_ext[dpgmm]-no_dp_prior,206,12,12,0.05825242718446602,1.0,0.11009174311926606,0.11009174311926606,0.02201044728131782,0.03586159162272429,0.4166666666666667,,5.637926329000038,
dwell,0.0001,4,nano_ext[dpgmm]-no_thinning,206,12,12,0.05825242718446602,1.0,0.11009174311926606,0.11009174311926606,0.02201044728131782,0.03586159162272429,0.4166666666666667,,4.630228782999893,
dwell,0.0001,4,nano_ext[dpgmm]-no_merge,206,13,13,0.06310679611650485,1.0,0.11872146118721462,0.11872146118721462,0.03660404012427017,0.03648908537891135,0.38461538461538464,,6.30892024700006,
dwell,0.0003,0,nano_ext[dpgmm]-no_dp_prior,184,128,128,0.6956521739130435,1.0,0.8205128205128205,0.8205128205128205,0.012880827317870092,0.03471548019904119,0.4765625,5.0303148388941565,5.488594644999921,
dwell,0.0003,0,nano_ext[dpgmm],184,128,128,0.6956521739130435,1.0,0.8205128205128205,0.8205128205128205,0.012426972801414273,0.03471548019904119,0.46875,,5.9588256769998225,
dwell,0.0003,0,nano_ext[dpgmm]-no_merge,184,130,130,0.7065217391304348,1.0,0.8280254777070064,0.8280254777070064,0.01428329314851462,0.03658930868431774,0.47692307692307695,,5.1040705549999075,
dwell,0.0003,0,nano_ext[dpgmm]-no_thinning,184,128,128,0.6956521739130435,1.0,0.8205128205128205,0.8205128205128205,0.012426972801414273,0.03471548019904119,0.484375,7.936510738604241,5.473462972999641,
dwell,0.0003,1,nano_ext[dpgmm],191,147,147,0.7696335078534031,1.0,0.8698224852071006,0.8698224852071006,0.015054947658691583,0.03856194814046213,0.5374149659863946,7.599585414075349,5.850854769000307,
dwell,0.0003,1,nano_ext[dpgmm]-no_dp_prior,191,147,147,0.7696335078534031,1.0,0.8698224852071006,0.8698224852071006,0.015054947658691583,0.03856194814046213,0.5374149659863946,7.599585414075349,6.269906620000256,
dwell,0.0003,1,nano_ext[dpgmm]-no_thinning,191,147,147,0.7696335078534031,1.0,0.8698224852071006,0.8698224852071006,0.015054947658691583,0.03856194814046213,0.54421768707483,1.9565956437261889,5.487449247999848,
dwell,0.0003,1,nano_ext[dpgmm]-no_merge,191,147,147,0.7696335078534031,1.0,0.8698224852071006,0.8698224852071006,0.015651170163371954,0.039048625603116546,0.54421768707483,1.9565956437261889,5.960060559999874,
dwell,0.0003,2,nano_ext[dpgmm],221,155,155,0.7013574660633484,1.0,0.8244680851063829,0.8244680851063829,0.014875334281217671,0.04146396410231948,0.6129032258064516,1.3183199647492927,5.818907659999695,
dwell,0.0003,2,nano_ext[dpgmm]-no_dp_prior,221,155,155,0.7013574660633484,1.0,0.8244680851063829,0.8244680851063829,0.014875334281217671,0.04146396410231948,0.6129032258064516,1.3183199647492927,6.501031882999996,
dwell,0.0003,2,nano_ext[dpgmm]-no_merge,221,155,155,0.7013574660633484,1.0,0.8244680851063829,0.8244680851063829,0.014037862219223094,0.04146396410231948,0.6064516129032258,1.3183199647492927,5.035628844999792,
dwell,0.0003,2,nano_ext[dpgmm]-no_thinning,221,155,155,0.7013574660633484,1.0,0.8244680851063829,0.8244680851063829,0.014875334281217671,0.04146396410231948,0.6064516129032258,1.3183199647492927,5.952036651000071,
dwell,0.0003,3,nano_ext[dpgmm],195,145,145,0.7435897435897436,1.0,0.8529411764705882,0.8529411764705882,0.019073531370135958,0.03758837381998698,0.5655172413793104,4.474784011054833,5.0559865959999115,
dwell,0.0003,3,nano_ext[dpgmm]-no_dp_prior,195,145,145,0.7435897435897436,1.0,0.8529411764705882,0.8529411764705882,0.01779287900201923,0.03758837381998698,0.5724137931034483,4.0895207202851225,6.010278059000029,
dwell,0.0003,3,nano_ext[dpgmm]-no_merge,195,145,145,0.7435897435897436,1.0,0.8529411764705882,0.8529411764705882,0.01779287900201923,0.03919569651285819,0.5655172413793104,4.474784011054833,6.042451189000076,
dwell,0.0003,3,nano_ext[dpgmm]-no_thinning,195,145,145,0.7435897435897436,1.0,0.8529411764705882,0.8529411764705882,0.019073531370135958,0.03758837381998698,0.5724137931034483,4.0895207202851225,6.041650724999727,
dwell,0.0003,4,nano_ext[dpgmm],205,154,154,0.751219512195122,1.0,0.8579387186629527,0.8579387186629527,0.014995382004756337,0.03695519707667269,0.474025974025974,0.5444860899928017,5.784352020999904,
dwell,0.0003,4,nano_ext[dpgmm]-no_dp_prior,205,154,154,0.751219512195122,1.0,0.8579387186629527,0.8579387186629527,0.014995382004756337,0.03695519707667269,0.487012987012987,6.591419162926826,7.063499326000056,
dwell,0.0003,4,nano_ext[dpgmm]-no_merge,205,154,154,0.751219512195122,1.0,0.8579387186629527,0.8579387186629527,0.0146636209912194,0.03695519707667269,0.4675324675324675,0.5444860899928017,6.565593540999998,
dwell,0.0003,4,nano_ext[dpgmm]-no_thinning,205,154,154,0.751219512195122,1.0,0.8579387186629527,0.8579387186629527,0.014995382004756337,0.03695519707667269,0.4805194805194805,6.591419162926826,6.503724653000063,
dwell,0.001,0,nano_ext[dpgmm],177,175,175,0.9887005649717514,1.0,0.9943181818181819,0.9943181818181819,0.0046973820369213964,0.027380537651509666,0.7771428571428571,5.040917347098883,10.357026943000164,
dwell,0.001,0,nano_ext[dpgmm]-no_dp_prior,177,175,175,0.9887005649717514,1.0,0.9943181818181819,0.9943181818181819,0.004679076386612855,0.028095749828377068,0.7885714285714286,4.9279324636497535,13.510717645000113,
dwell,0.001,0,nano_ext[dpgmm]-no_merge,177,175,175,0.9887005649717514,1.0,0.9943181818181819,0.9943181818181819,0.0047185916676979345,0.028095749828377068,0.7771428571428571,4.9279324636497535,9.32907922000004,
dwell,0.001,1,nano_ext[dpgmm],186,186,186,1.0,1.0,1.0,1.0,0.005046260405323265,0.022667819522772338,0.7849462365591398,2.950270738488747,9.501488984999924,
dwell,0.001,0,nano_ext[dpgmm]-no_thinning,177,175,175,0.9887005649717514,1.0,0.9943181818181819,0.9943181818181819,0.0046973820369213964,0.027380537651509666,0.7771428571428571,4.305514992836157,18.391227608999998,
dwell,0.001,1,nano_ext[dpgmm]-no_dp_prior,186,186,186,1.0,1.0,1.0,1.0,0.005046260405323265,0.022667819522772338,0.8118279569892473,3.158436121086794,12.848362949000148,
dwell,0.001,1,nano_ext[dpgmm]-no_merge,186,186,186,1.0,1.0,1.0,1.0,0.004937456894449381,0.021972252682303024,0.7688172043010753,2.950270738488747,11.992067430999668,
dwell,0.001,1,nano_ext[dpgmm]-no_thinning,186,186,186,1.0,1.0,1.0,1.0,0.005046260405323265,0.022667819522772338,0.7903225806451613,4.413665546820766,16.442692695999995,
dwell,0.001,2,nano_ext[dpgmm],211,211,211,1.0,1.0,1.0,1.0,0.0054064500436915505,0.02610605105168095,0.8056872037914692,3.720857539579736,11.061971492999874,
dwell,0.001,2,nano_ext[dpgmm]-no_dp_prior,211,211,211,1.0,1.0,1.0,1.0,0.0054064500436915505,0.02610605105168095,0.8293838862559242,3.6477889682196007,11.451614818000053,
dwell,0.001,2,nano_ext[dpgmm]-no_merge,211,211,211,1.0,1.0,1.0,1.0,0.0054064500436915505,0.02610605105168095,0.7962085308056872,3.7276229294391783,12.15944116699984,
dwell,0.001,3,nano_ext[dpgmm],186,186,186,1.0,1.0,1.0,1.0,0.005565453733185673,0.025229263305664065,0.7580645161290323,6.484450008947817,9.902246052999999,
dwell,0.001,2,nano_ext[dpgmm]-no_thinning,211,211,211,1.0,1.0,1.0,1.0,0.0054064500436915505,0.02610605105168095,0.8009478672985783,4.298991774787098,22.134534725999856,
dwell,0.001,3,nano_ext[dpgmm]-no_dp_prior,186,186,186,1.0,1.0,1.0,1.0,0.005565453733185673,0.025229263305664065,0.7849462365591398,5.299516308232555,12.976032547000159,
dwell,0.001,3,nano_ext[dpgmm]-no_merge,186,186,186,1.0,1.0,1.0,1.0,0.00563744715661069,0.024742406024117942,0.7473118279569892,5.932791382279312,10.292952380000315,
dwell,0.001,3,nano_ext[dpgmm]-no_thinning,186,186,186,1.0,1.0,1.0,1.0,0.005565453733185673,0.025229263305664065,0.7688172043010753,5.861526276795814,19.795692525999584,
dwell,0.001,4,nano_ext[dpgmm],194,193,193,0.9948453608247423,1.0,0.9974160206718347,0.9974160206718347,0.004996522679423286,0.02219670613606759,0.8082901554404145,3.779579076379491,10.32562473400003,
dwell,0.001,4,nano_ext[dpgmm]-no_merge,194,193,193,0.9948453608247423,1.0,0.9974160206718347,0.9974160206718347,0.005080894482735691,0.0228179931640625,0.7979274611398963,3.870303698416677,9.93345009299992,
dwell,0.001,4,nano_ext[dpgmm]-no_dp_prior,194,193,193,0.9948453608247423,1.0,0.9974160206718347,0.9974160206718347,0.004996522679423286,0.02219670613606759,0.8134715025906736,5.051595064475833,12.86360458900026,
dwell,0.001,4,nano_ext[dpgmm]-no_thinning,194,193,193,0.9948453608247423,1.0,0.9974160206718347,0.9974160206718347,0.004996522679423286,0.02219670613606759,0.7979274611398963,3.870303698416677,18.6614258730001,
dwell,0.01,0,nano_ext[dpgmm],82,82,82,1.0,1.0,1.0,1.0,0.000615140677114653,0.017251791370755512,1.0,3.1220788393460097,19.49815446699995,
dwell,0.01,0,nano_ext[dpgmm]-no_dp_prior,82,82,82,1.0,1.0,1.0,1.0,0.000615140677114653,0.017251791370755512,1.0,3.1220788393460097,21.730725217000327,
dwell,0.01,0,nano_ext[dpgmm]-no_merge,82,83,82,1.0,0.9879518072289156,0.993939393939394,0.993939393939394,0.00059872586794431,0.017251791370755512,0.9024390243902439,3.1220788393460097,20.77896104199999,
dwell,0.01,1,nano_ext[dpgmm],95,96,95,1.0,0.9895833333333334,0.9947643979057591,0.9947643979057591,0.0005128687964105355,0.018868764241536457,1.0,4.525523376153195,24.912624235000294,
dwell,0.01,0,nano_ext[dpgmm]-no_thinning,82,82,82,1.0,1.0,1.0,1.0,0.000615140677114653,0.017251791370755512,1.0,3.4606413445992246,48.85464803099967,
dwell,0.01,1,nano_ext[dpgmm]-no_dp_prior,95,96,95,1.0,0.9895833333333334,0.9947643979057591,0.9947643979057591,0.0005128687964105355,0.018868764241536457,1.0,4.525523376153195,29.403550972000176,
dwell,0.01,1,nano_ext[dpgmm]-no_merge,95,96,95,1.0,0.9895833333333334,0.9947643979057591,0.9947643979057591,0.0005128687964105355,0.018868764241536457,0.8842105263157894,4.525523376153195,27.490374532999795,
dwell,0.01,2,nano_ext[dpgmm],108,109,108,1.0,0.9908256880733946,0.9953917050691244,0.9953917050691244,0.000608327059371485,0.01984192254243597,1.0,4.715594786652844,29.57181322400038,
dwell,0.01,1,nano_ext[dpgmm]-no_thinning,95,96,95,1.0,0.9895833333333334,0.9947643979057591,0.9947643979057591,0.0005128687964105355,0.018868764241536457,1.0,4.628266814132864,59.397754781,
dwell,0.01,2,nano_ext[dpgmm]-no_dp_prior,108,109,108,1.0,0.9908256880733946,0.9953917050691244,0.9953917050691244,0.000608327059371485,0.01984192254243597,1.0,4.686397085063021,30.096894852999867,
dwell,0.01,2,nano_ext[dpgmm]-no_merge,108,108,108,1.0,1.0,1.0,1.0,0.0006408756506717879,0.020305599997738323,0.9074074074074074,4.686397085063021,25.418220994999956,
dwell,0.01,3,nano_ext[dpgmm],82,82,82,1.0,1.0,1.0,1.0,0.0003752552791305877,0.023939100901285808,1.0,3.9512301338168188,23.053639658000066,
dwell,0.01,3,nano_ext[dpgmm]-no_dp_prior,82,82,82,1.0,1.0,1.0,1.0,0.0003752552791305877,0.023939100901285808,1.0,3.9512301338168188,20.924161396000272,
dwell,0.01,2,nano_ext[dpgmm]-no_thinning,108,109,108,1.0,0.9908256880733946,0.9953917050691244,0.9953917050691244,0.000608327059371485,0.01984192254243597,1.0,4.734840987286049,68.82498128899988,
dwell,0.01,3,nano_ext[dpgmm]-no_merge,82,82,82,1.0,1.0,1.0,1.0,0.000386332855393105,0.023939100901285808,0.8780487804878049,3.9512301338168188,20.194062076000137,
dwell,0.01,4,nano_ext[dpgmm],100,101,100,1.0,0.9900990099009901,0.9950248756218906,0.9950248756218906,0.0005156329977632969,0.02284088134765625,1.0,4.595342208091324,25.824316419999832,
dwell,0.01,3,nano_ext[dpgmm]-no_thinning,82,82,82,1.0,1.0,1.0,1.0,0.0003752552791305877,0.023939100901285808,1.0,4.1599991399410285,48.89846689700016,
dwell,0.01,4,nano_ext[dpgmm]-no_dp_prior,100,101,100,1.0,0.9900990099009901,0.9950248756218906,0.9950248756218906,0.0005156329977632969,0.02284088134765625,1.0,4.595342208091324,24.227882032999787,
dwell,0.01,4,nano_ext[dpgmm]-no_merge,100,101,100,1.0,0.9900990099009901,0.9950248756218906,0.9950248756218906,0.0005169641804560168,0.02284088134765625,0.95,4.595342208091324,25.253216823000002,
dwell,0.01,4,nano_ext[dpgmm]-no_thinning,100,101,100,1.0,0.9900990099009901,0.9950248756218906,0.9950248756218906,0.0005156329977632969,0.02284088134765625,1.0,4.595342208091324,59.93981802400003,
dwell,0.1,0,nano_ext[dpgmm],43,45,43,1.0,0.9555555555555556,0.9772727272727273,0.9772727272727273,6.829925805093363e-05,0.018547269866565245,0.9767441860465116,7.242210553926043,41.664024986000186,
dwell,0.1,0,nano_ext[dpgmm]-no_dp_prior,43,45,43,1.0,0.9555555555555556,0.9772727272727273,0.9772727272727273,6.829925805093363e-05,0.018547269866565245,0.9767441860465116,7.242210553926043,35.04325907800012,
dwell,0.1,0,nano_ext[dpgmm]-no_merge,43,44,43,1.0,0.9772727272727273,0.9885057471264368,0.9885057471264368,5.461242102338147e-05,0.018547269866565245,0.3953488372093023,7.242210553926043,39.882230203999825,
dwell,0.1,1,nano_ext[dpgmm],48,50,48,1.0,0.96,0.9795918367346939,0.9795918367346939,5.9339034798183624e-05,0.013787466102656564,1.0,4.574807242363477,50.247969440999896,
dwell,0.1,1,nano_ext[dpgmm]-no_dp_prior,48,50,48,1.0,0.96,0.9795918367346939,0.9795918367346939,5.7319310402785606e-05,0.013787466102656564,1.0,4.574807242363477,62.81917335399976,
dwell,0.1,0,nano_ext[dpgmm]-no_thinning,43,45,43,1.0,0.9555555555555556,0.9772727272727273,0.9772727272727273,6.829925805093363e-05,0.018547269866565245,0.9767441860465116,7.8991961860452875,185.8811014329999,
dwell,0.1,1,nano_ext[dpgmm]-no_merge,48,57,48,1.0,0.8421052631578947,0.9142857142857143,0.9142857142857143,5.539267489465925e-05,0.01470675504954709,0.5416666666666666,4.089786229677372,84.99347202699983,
dwell,0.1,2,nano_ext[dpgmm],50,51,50,1.0,0.9803921568627451,0.99009900990099,0.99009900990099,5.10041967337919e-05,0.013111813863118549,1.0,3.2649058745448656,82.7033672550001,
dwell,0.1,2,nano_ext[dpgmm]-no_dp_prior,50,51,50,1.0,0.9803921568627451,0.99009900990099,0.99009900990099,5.10041967337919e-05,0.013111813863118549,1.0,4.58089034971465,64.34933167200052,
dwell,0.1,1,nano_ext[dpgmm]-no_thinning,48,50,48,1.0,0.96,0.9795918367346939,0.9795918367346939,5.9339034798183624e-05,0.013787466102656564,1.0,4.574807242363477,261.6123705719997,
dwell,0.1,2,nano_ext[dpgmm]-no_merge,50,51,50,1.0,0.9803921568627451,0.99009900990099,0.99009900990099,5.10041967337919e-05,0.013111813863118549,0.42,3.676986258582815,89.98347055199974,
dwell,0.1,3,nano_ext[dpgmm],43,44,43,1.0,0.9772727272727273,0.9885057471264368,0.9885057471264368,6.359398258199584e-05,0.011789385477701824,0.9767441860465116,5.404243793805108,67.32492327,
dwell,0.1,3,nano_ext[dpgmm]-no_dp_prior,43,44,43,1.0,0.9772727272727273,0.9885057471264368,0.9885057471264368,6.359398258199584e-05,0.011789385477701824,0.9767441860465116,5.404243793805108,55.12218734599992,
dwell,0.1,3,nano_ext[dpgmm]-no_merge,43,45,43,1.0,0.9555555555555556,0.9772727272727273,0.9772727272727273,6.57028462262405e-05,0.012249818476171103,0.4883720930232558,4.390142678944997,64.41415472300014,
dwell,0.1,2,nano_ext[dpgmm]-no_thinning,50,51,50,1.0,0.9803921568627451,0.99009900990099,0.99009900990099,5.10041967337919e-05,0.013111813863118549,1.0,4.0890666426207645,252.01803917400048,
dwell,0.1,4,nano_ext[dpgmm],47,49,47,1.0,0.9591836734693877,0.9791666666666666,0.9791666666666666,5.1409805369291997e-05,0.01315718401910244,1.0,4.3725400669103465,49.74390027000027,
dwell,0.1,4,nano_ext[dpgmm]-no_dp_prior,47,49,47,1.0,0.9591836734693877,0.9791666666666666,0.9791666666666666,5.1409805369291997e-05,0.01315718401910244,1.0,4.3725400669103465,42.925798418999875,
dwell,0.1,3,nano_ext[dpgmm]-no_thinning,43,44,43,1.0,0.9772727272727273,0.9885057471264368,0.9885057471264368,6.359398258199584e-05,0.011789385477701824,0.9767441860465116,5.404243793805108,164.27232612199987,
dwell,0.1,4,nano_ext[dpgmm]-no_merge,47,49,47,1.0,0.9591836734693877,0.9791666666666666,0.9791666666666666,5.591840022357209e-05,0.01315718401910244,0.44680851063829785,3.768586664065765,51.32431318499948,
levels,1.0,0,nano_ext[dpgmm],170,168,168,0.9882352941176471,1.0,0.9940828402366864,0.9940828402366864,0.0033710446198425836,0.0213014284769694,1.0,,8.86930281900004,
levels,1.0,0,nano_ext[dpgmm]-no_dp_prior,170,168,168,0.9882352941176471,1.0,0.9940828402366864,0.9940828402366864,0.003287830822030497,0.0213014284769694,0.9880952380952381,,6.832912228999703,
levels,1.0,0,nano_ext[dpgmm]-no_merge,170,168,168,0.9882352941176471,1.0,0.9940828402366864,0.9940828402366864,0.005314646025662121,0.020572694142659505,0.9583333333333334,,8.581176644000152,
levels,1.0,0,nano_ext[dpgmm]-no_thinning,170,168,168,0.9882352941176471,1.0,0.9940828402366864,0.9940828402366864,0.0033710446198425836,0.0213014284769694,0.9583333333333334,,15.840728668000338,
levels,1.0,1,nano_ext[dpgmm],195,195,195,1.0,1.0,1.0,1.0,0.005398976181478002,0.024030749003092447,1.0,,8.172787052000785,
levels,1.0,1,nano_ext[dpgmm]-no_dp_prior,195,195,195,1.0,1.0,1.0,1.0,0.005386341278463754,0.0245815912882487,0.9948717948717949,,9.50285378100034,
levels,1.0,1,nano_ext[dpgmm]-no_merge,195,195,195,1.0,1.0,1.0,1.0,0.006392009738112405,0.024030749003092447,0.9692307692307692,,10.856890135999492,
levels,1.0,1,nano_ext[dpgmm]-no_thinning,195,195,195,1.0,1.0,1.0,1.0,0.005398976181478002,0.024030749003092447,0.9384615384615385,,21.175647150999794,
levels,1.0,2,nano_ext[dpgmm],199,199,199,1.0,1.0,1.0,1.0,0.0034012088814382147,0.024439239501953126,1.0,,10.058549815999868,
levels,1.0,2,nano_ext[dpgmm]-no_dp_prior,199,199,199,1.0,1.0,1.0,1.0,0.0033539828372165653,0.024439239501953126,0.9949748743718593,,13.807619868000074,
levels,1.0,2,nano_ext[dpgmm]-no_merge,199,199,199,1.0,1.0,1.0,1.0,0.0045620180056999094,0.02560125986735026,0.964824120603015,,11.216188716000033,
levels,1.0,2,nano_ext[dpgmm]-no_thinning,199,199,199,1.0,1.0,1.0,1.0,0.0034012088814382147,0.024439239501953126,0.9346733668341709,,22.274455057000523,
levels,1.0,3,nano_ext[dpgmm],156,156,156,1.0,1.0,1.0,1.0,0.005602083879648147,0.02357168197631836,0.9871794871794872,,9.086133240999516,
dwell,0.1,4,nano_ext[dpgmm]-no_thinning,47,49,47,1.0,0.9591836734693877,0.9791666666666666,0.9791666666666666,5.1409805369291997e-05,0.01315718401910244,1.0,4.3725400669103465,164.80811657999948,
levels,1.0,3,nano_ext[dpgmm]-no_merge,156,156,156,1.0,1.0,1.0,1.0,0.004264907087742895,0.02360254923502604,0.9615384615384616,,9.651438303999385,
levels,1.0,3,nano_ext[dpgmm]-no_dp_prior,156,156,156,1.0,1.0,1.0,1.0,0.005602083879648147,0.02357168197631836,0.9871794871794872,,11.226484056000118,
levels,1.0,4,nano_ext[dpgmm],164,164,164,1.0,1.0,1.0,1.0,0.005673842913577445,0.023004372914632164,1.0,,8.954359366000062,
levels,1.0,3,nano_ext[dpgmm]-no_thinning,156,156,156,1.0,1.0,1.0,1.0,0.005602083879648147,0.02357168197631836,0.9102564102564102,,17.30095133499981,
levels,1.0,4,nano_ext[dpgmm]-no_dp_prior,164,164,164,1.0,1.0,1.0,1.0,0.005673842913577445,0.023004372914632164,0.9939024390243902,,12.570810060999975,
levels,1.0,4,nano_ext[dpgmm]-no_merge,164,164,164,1.0,1.0,1.0,1.0,0.0036767431950773186,0.0218965212504069,0.9512195121951219,,9.810037139999622,
levels,2.0,0,nano_ext[dpgmm],182,182,182,1.0,1.0,1.0,1.0,0.004908379383918532,0.027565214677930577,0.5934065934065934,3.5177803292540943,7.588062854999407,
levels,1.0,4,nano_ext[dpgmm]-no_thinning,164,164,164,1.0,1.0,1.0,1.0,0.005673842913577445,0.023004372914632164,0.9451219512195121,,19.021573691999947,
levels,2.0,0,nano_ext[dpgmm]-no_dp_prior,182,182,182,1.0,1.0,1.0,1.0,0.004908379383918532,0.027565214677930577,0.6263736263736264,3.5254210800639285,8.577228408999872,
levels,2.0,0,nano_ext[dpgmm]-no_merge,182,182,182,1.0,1.0,1.0,1.0,0.004964556576495936,0.027565214677930577,0.5989010989010989,3.5115164294108325,7.04922032200011,
levels,2.0,0,nano_ext[dpgmm]-no_thinning,182,182,182,1.0,1.0,1.0,1.0,0.004908379383918532,0.027565214677930577,0.6593406593406593,4.037955363689338,11.462149303999468,
levels,2.0,1,nano_ext[dpgmm],171,168,168,0.9824561403508771,1.0,0.9911504424778761,0.9911504424778761,0.005121382247600713,0.03313211815373923,0.5416666666666666,4.710791790873969,7.063976729999922,
levels,2.0,1,nano_ext[dpgmm]-no_merge,171,168,168,0.9824561403508771,1.0,0.9911504424778761,0.9911504424778761,0.00793227508215735,0.03282116835555288,0.5357142857142857,4.728518169905271,6.825391899999886,
levels,2.0,1,nano_ext[dpgmm]-no_dp_prior,171,168,168,0.9824561403508771,1.0,0.9911504424778761,0.9911504424778761,0.005121382247600713,0.03313211815373923,0.5892857142857143,4.6122733623477075,7.981267469000159,
levels,2.0,2,nano_ext[dpgmm],193,193,193,1.0,1.0,1.0,1.0,0.005110226781672502,0.02829220030364594,0.5233160621761658,5.047703404648107,7.013746127999184,
levels,2.0,1,nano_ext[dpgmm]-no_thinning,171,168,168,0.9824561403508771,1.0,0.9911504424778761,0.9911504424778761,0.005121382247600713,0.03313211815373923,0.6071428571428571,4.7206064031080075,9.85466949199963,
levels,2.0,2,nano_ext[dpgmm]-no_dp_prior,193,193,193,1.0,1.0,1.0,1.0,0.005110226781672502,0.02829220030364594,0.5647668393782384,4.954756736230692,7.992724925999937,
levels,2.0,2,nano_ext[dpgmm]-no_merge,193,193,193,1.0,1.0,1.0,1.0,0.005711797467187148,0.028652442296759322,0.5284974093264249,5.057535288149895,7.568715227000212,
levels,2.0,3,nano_ext[dpgmm],160,160,160,1.0,1.0,1.0,1.0,0.005961921011583824,0.026470152484311917,0.6,4.509029768895445,6.958720981000624,
levels,2.0,2,nano_ext[dpgmm]-no_thinning,193,193,193,1.0,1.0,1.0,1.0,0.005110226781672502,0.02829220030364594,0.5751295336787565,5.573395612135101,10.460579489000338,
levels,2.0,3,nano_ext[dpgmm]-no_dp_prior,160,160,160,1.0,1.0,1.0,1.0,0.005961921011583824,0.026470152484311917,0.6125,4.453522998715265,7.8097728130005635,
levels,2.0,3,nano_ext[dpgmm]-no_merge,160,160,160,1.0,1.0,1.0,1.0,0.006390625452994125,0.026470152484311917,0.6125,4.509029768895445,7.40965480199975,
levels,2.0,4,nano_ext[dpgmm],176,176,176,1.0,1.0,1.0,1.0,0.004765298647949568,0.027463512392539913,0.5227272727272727,3.663503588935413,6.237700607999614,
levels,2.0,3,nano_ext[dpgmm]-no_thinning,160,160,160,1.0,1.0,1.0,1.0,0.005961921011583824,0.026470152484311917,0.63125,4.580646584817494,11.120122502000413,
levels,2.0,4,nano_ext[dpgmm]-no_dp_prior,176,176,176,1.0,1.0,1.0,1.0,0.004765298647949568,0.027463512392539913,0.5852272727272727,3.9516892649249513,8.772868985999594,
levels,2.0,4,nano_ext[dpgmm]-no_merge,176,176,176,1.0,1.0,1.0,1.0,0.004499899443904485,0.027322987717916705,0.5454545454545454,3.856565349180663,7.897467271000096,
levels,2.0,4,nano_ext[dpgmm]-no_thinning,176,176,176,1.0,1.0,1.0,1.0,0.004765298647949568,0.027463512392539913,0.6022727272727273,3.917836078337622,10.82910204899963,
levels,3.0,0,nano_ext[dpgmm],176,174,174,0.9886363636363636,1.0,0.9942857142857142,0.9942857142857142,0.0037236828997334335,0.026031223137181866,0.06321839080459771,7.7480762691040095,8.505904837000344,
levels,3.0,0,nano_ext[dpgmm]-no_merge,176,175,174,0.9886363636363636,0.9942857142857143,0.9914529914529915,0.9914529914529915,0.0036186027892272585,0.026031223137181866,0.08045977011494253,7.186045001356112,8.32995392399971,
levels,3.0,0,nano_ext[dpgmm]-no_dp_prior,176,174,174,0.9886363636363636,1.0,0.9942857142857142,0.9942857142857142,0.0037236828997334335,0.026031223137181866,0.08045977011494253,8.039237938017862,10.591885648000243,
levels,3.0,1,nano_ext[dpgmm],183,183,183,1.0,1.0,1.0,1.0,0.004807300919909472,0.029893634837895373,0.03825136612021858,10.917378451713589,8.130030369999986,
levels,3.0,0,nano_ext[dpgmm]-no_thinning,176,174,174,0.9886363636363636,1.0,0.9942857142857142,0.9942857142857142,0.0037236828997334335,0.026031223137181866,0.1839080459770115,9.053814234827318,13.9491908709997,
levels,3.0,1,nano_ext[dpgmm]-no_dp_prior,183,183,183,1.0,1.0,1.0,1.0,0.004807300919909472,0.029893634837895373,0.04371584699453552,10.917378451713589,8.603567027000281,
levels,3.0,1,nano_ext[dpgmm]-no_merge,183,183,183,1.0,1.0,1.0,1.0,0.004741200244681486,0.029893634837895373,0.07103825136612021,11.676642457603137,8.136769609999646,
levels,3.0,2,nano_ext[dpgmm],201,201,201,1.0,1.0,1.0,1.0,0.00447920227416937,0.028809311719149217,0.0845771144278607,9.7413976626326,8.85484323700075,
levels,3.0,1,nano_ext[dpgmm]-no_thinning,183,183,183,1.0,1.0,1.0,1.0,0.004807300919909472,0.029893634837895373,0.09836065573770492,7.763257770965204,13.880844942000294,
levels,3.0,2,nano_ext[dpgmm]-no_merge,201,201,201,1.0,1.0,1.0,1.0,0.003624900900418969,0.028809311719149217,0.11442786069651742,8.583183071397826,8.817277815000125,
levels,3.0,2,nano_ext[dpgmm]-no_dp_prior,201,201,201,1.0,1.0,1.0,1.0,0.00447920227416937,0.028809311719149217,0.0845771144278607,7.78469995860176,9.974577883000165,
levels,3.0,3,nano_ext[dpgmm],182,181,181,0.9945054945054945,1.0,0.9972451790633609,0.9972451790633609,0.0032187276734584602,0.028686077204403415,0.06077348066298342,8.6414622432196,8.689248714000314,
levels,3.0,2,nano_ext[dpgmm]-no_thinning,201,201,201,1.0,1.0,1.0,1.0,0.00447920227416937,0.028809311719149217,0.14427860696517414,9.742161415249306,15.661909729999934,
levels,3.0,3,nano_ext[dpgmm]-no_dp_prior,182,181,181,0.9945054945054945,1.0,0.9972451790633609,0.9972451790633609,0.0032187276734584602,0.028686077204403415,0.06077348066298342,9.92493930918048,8.987271091000366,
levels,3.0,3,nano_ext[dpgmm]-no_merge,182,181,181,0.9945054945054945,1.0,0.9972451790633609,0.9972451790633609,0.0032422379305556076,0.028686077204403415,0.07734806629834254,10.364642453630779,8.529513124000005,
levels,3.0,4,nano_ext[dpgmm],190,191,190,1.0,0.9947643979057592,0.9973753280839895,0.9973753280839895,0.00371359813360675,0.029162716988309294,0.031578947368421054,17.908019519508045,7.025930286999937,
levels,3.0,3,nano_ext[dpgmm]-no_thinning,182,181,181,0.9945054945054945,1.0,0.9972451790633609,0.9972451790633609,0.0032187276734584602,0.028686077204403415,0.1270718232044199,10.240481036816185,13.024443721000353,
levels,3.0,4,nano_ext[dpgmm]-no_merge,190,190,190,1.0,1.0,1.0,1.0,0.004341419237826549,0.02968408194905555,0.07894736842105263,9.663678930738051,6.314703535999797,
levels,3.0,4,nano_ext[dpgmm]-no_dp_prior,190,191,190,1.0,0.9947643979057592,0.9973753280839895,0.9973753280839895,0.00371359813360675,0.029162716988309294,0.042105263157894736,9.00514847868017,7.75899320499957,
levels,4.0,0,nano_ext[dpgmm],157,165,156,0.9936305732484076,0.9454545454545454,0.9689440993788819,0.9751552795031055,0.08609848061031321,0.061833870866556256,0.00641025641025641,1.4715916436536247,6.349714171999949,
levels,3.0,4,nano_ext[dpgmm]-no_thinning,190,191,190,1.0,0.9947643979057592,0.9973753280839895,0.9973753280839895,0.00371359813360675,0.029162716988309294,0.1,9.451293033369002,11.033224120999876,
levels,4.0,0,nano_ext[dpgmm]-no_dp_prior,157,165,156,0.9936305732484076,0.9454545454545454,0.9689440993788819,0.9751552795031055,0.08390086277428276,0.059883423759009416,0.00641025641025641,1.4715916436536247,7.407359234000069,
levels,4.0,0,nano_ext[dpgmm]-no_merge,157,163,156,0.9936305732484076,0.9570552147239264,0.975,0.98125,0.13266091316703482,0.07286609516631895,0.0,,5.7867855109998345,
levels,4.0,0,nano_ext[dpgmm]-no_thinning,157,165,156,0.9936305732484076,0.9454545454545454,0.9689440993788819,0.9751552795031055,0.08609848061031321,0.061833870866556256,0.0,,8.058293742999922,
levels,4.0,1,nano_ext[dpgmm],169,173,165,0.9763313609467456,0.953757225433526,0.9649122807017545,0.976608187134503,0.08293828169100485,0.05318487573205688,0.012121212121212121,9.248182496590651,6.090675664999253,
levels,4.0,1,nano_ext[dpgmm]-no_dp_prior,169,173,165,0.9763313609467456,0.953757225433526,0.9649122807017545,0.976608187134503,0.08293828169100485,0.05318487573205688,0.01818181818181818,7.837156786871802,6.8481100029994195,
levels,4.0,1,nano_ext[dpgmm]-no_merge,169,174,165,0.9763313609467456,0.9482758620689655,0.9620991253644314,0.9737609329446064,0.08254005625611072,0.050994170116893944,0.03636363636363636,10.83498231435609,6.22509130599974,
levels,4.0,2,nano_ext[dpgmm],201,211,200,0.9950248756218906,0.9478672985781991,0.970873786407767,0.970873786407767,0.0674611615849626,0.047611282303130394,0.0,,6.3392682809999314,
levels,4.0,1,nano_ext[dpgmm]-no_thinning,169,173,165,0.9763313609467456,0.953757225433526,0.9649122807017545,0.976608187134503,0.08293828169100485,0.05318487573205688,0.006060606060606061,6.05537620002039,9.37340942300034,
levels,4.0,2,nano_ext[dpgmm]-no_dp_prior,201,211,200,0.9950248756218906,0.9478672985781991,0.970873786407767,0.970873786407767,0.0674611615849626,0.047611282303130394,0.0,,8.640826018000553,
levels,4.0,2,nano_ext[dpgmm]-no_merge,201,211,200,0.9950248756218906,0.9478672985781991,0.970873786407767,0.970873786407767,0.055685931190306556,0.046068249435192304,0.01,30.442290878340827,6.931154500000048,
levels,4.0,3,nano_ext[dpgmm],183,195,183,1.0,0.9384615384615385,0.9682539682539683,0.9682539682539683,0.10958215845679094,0.05318420200710436,0.01639344262295082,15.170532269070947,5.755000105000363,
levels,4.0,2,nano_ext[dpgmm]-no_thinning,201,211,200,0.9950248756218906,0.9478672985781991,0.970873786407767,0.970873786407767,0.0674611615849626,0.047611282303130394,0.01,18.045718071166284,9.661767091000002,
levels,4.0,3,nano_ext[dpgmm]-no_dp_prior,183,195,183,1.0,0.9384615384615385,0.9682539682539683,0.9682539682539683,0.10958215845679094,0.05318420200710436,0.02185792349726776,19.708548469665743,7.143488312000045,
levels,4.0,3,nano_ext[dpgmm]-no_merge,183,194,183,1.0,0.9432989690721649,0.9708222811671088,0.9708222811671088,0.1305556602683403,0.06462127441758594,0.03278688524590164,12.267830118095624,6.272706476000167,
levels,4.0,4,nano_ext[dpgmm],184,192,182,0.9891304347826086,0.9479166666666666,0.9680851063829786,0.973404255319149,0.12620999324536608,0.05698863020013813,0.0,,6.287985599999956,
levels,4.0,3,nano_ext[dpgmm]-no_thinning,183,195,183,1.0,0.9384615384615385,0.9682539682539683,0.9682539682539683,0.10958215845679094,0.05318420200710436,0.01639344262295082,8.484690902754721,10.044451416999436,
levels,4.0,4,nano_ext[dpgmm]-no_dp_prior,184,192,182,0.9891304347826086,0.9479166666666666,0.9680851063829786,0.973404255319149,0.12694257316121127,0.057787283704946006,0.005494505494505495,56.138887345458244,6.945945530999779,
levels,4.0,4,nano_ext[dpgmm]-no_merge,184,187,181,0.9836956521739131,0.9679144385026738,0.9757412398921834,0.9865229110512129,0.15562433593341893,0.07148365222929025,0.0,,5.8750281769998765,
levels,4.0,4,nano_ext[dpgmm]-no_thinning,184,192,182,0.9891304347826086,0.9479166666666666,0.9680851063829786,0.973404255319149,0.12620999324536608,0.05698863020013813,0.005494505494505495,9.49670398409097,9.66953895700044,
levels_close_long,1.0,0,nano_ext[dpgmm],159,159,159,1.0,1.0,1.0,1.0,0.0017302172167043446,0.017989540100097658,0.9937106918238994,,10.922759459999725,
levels_close_long,1.0,0,nano_ext[dpgmm]-no_merge,159,159,159,1.0,1.0,1.0,1.0,0.0030177455774931285,0.017859458923339844,0.8805031446540881,,10.190555550999306,
levels_close_long,1.0,0,nano_ext[dpgmm]-no_dp_prior,159,159,159,1.0,1.0,1.0,1.0,0.0017302172167043446,0.017989540100097658,0.9874213836477987,,12.619858879000276,
levels_close_long,1.0,1,nano_ext[dpgmm],179,179,179,1.0,1.0,1.0,1.0,0.00134904598869319,0.01907520294189453,1.0,,12.544786488000682,
levels_close_long,1.0,0,nano_ext[dpgmm]-no_thinning,159,159,159,1.0,1.0,1.0,1.0,0.0017302172167043446,0.017989540100097658,0.9559748427672956,,25.385579643999336,
levels_close_long,1.0,1,nano_ext[dpgmm]-no_dp_prior,179,179,179,1.0,1.0,1.0,1.0,0.00134904598869319,0.01907520294189453,0.994413407821229,,15.345231280000007,
levels_close_long,1.0,1,nano_ext[dpgmm]-no_merge,179,179,179,1.0,1.0,1.0,1.0,0.0029675206098625033,0.020392100016275925,0.88268156424581,,11.71796534800069,
levels_close_long,1.0,2,nano_ext[dpgmm],188,188,188,1.0,1.0,1.0,1.0,0.0016603528640976232,0.019366931915283145,0.9946808510638298,,11.574032153999724,
levels_close_long,1.0,1,nano_ext[dpgmm]-no_thinning,179,179,179,1.0,1.0,1.0,1.0,0.00134904598869319,0.01907520294189453,0.9217877094972067,,26.94850323799983,
levels_close_long,1.0,2,nano_ext[dpgmm]-no_dp_prior,188,188,188,1.0,1.0,1.0,1.0,0.0016529633775566109,0.019366931915283145,0.9946808510638298,,13.736880541000573,
levels_close_long,1.0,2,nano_ext[dpgmm]-no_merge,188,188,188,1.0,1.0,1.0,1.0,0.0032182706534315403,0.01902103424072272,0.8617021276595744,,11.873304755999925,
levels_close_long,1.0,3,nano_ext[dpgmm],145,145,145,1.0,1.0,1.0,1.0,0.0015411631241641266,0.02202154795328776,1.0,,11.46131942500051,
levels_close_long,1.0,2,nano_ext[dpgmm]-no_thinning,188,188,188,1.0,1.0,1.0,1.0,0.0016603528640976232,0.019366931915283145,0.9308510638297872,,28.755609376000393,
levels_close_long,1.0,3,nano_ext[dpgmm]-no_dp_prior,145,145,145,1.0,1.0,1.0,1.0,0.0015410380764503146,0.02202154795328776,0.9862068965517241,,11.995851218999633,
levels_close_long,1.0,3,nano_ext[dpgmm]-no_merge,145,145,145,1.0,1.0,1.0,1.0,0.002224683083979634,0.022590764363606772,0.9103448275862069,,10.126290135999625,
levels_close_long,1.0,4,nano_ext[dpgmm],152,152,152,1.0,1.0,1.0,1.0,0.0014560828125190818,0.018003590901692706,0.9868421052631579,,10.872267902000203,
levels_close_long,1.0,3,nano_ext[dpgmm]-no_thinning,145,145,145,1.0,1.0,1.0,1.0,0.0015411631241641266,0.02202154795328776,0.9379310344827586,,23.36089445699963,
levels_close_long,1.0,4,nano_ext[dpgmm]-no_dp_prior,152,152,152,1.0,1.0,1.0,1.0,0.0025006335964582746,0.01859445571899414,0.9868421052631579,,11.960730198999954,
levels_close_long,1.0,4,nano_ext[dpgmm]-no_merge,152,152,152,1.0,1.0,1.0,1.0,0.002528464005721784,0.01859445571899414,0.8947368421052632,,11.2529205740002,
levels_sep_long,1.0,0,nano_ext[dpgmm],159,159,159,1.0,1.0,1.0,1.0,0.0017302172167043446,0.017989540100097658,0.9937106918238994,,10.974532193000414,
levels_sep_long,1.0,0,nano_ext[dpgmm]-no_dp_prior,159,159,159,1.0,1.0,1.0,1.0,0.0017302172167043446,0.017989540100097658,0.9874213836477987,,11.967127452000568,
levels_close_long,1.0,4,nano_ext[dpgmm]-no_thinning,152,152,152,1.0,1.0,1.0,1.0,0.0014560828125190818,0.018003590901692706,0.9539473684210527,,26.708855320999646,
levels_sep_long,1.0,0,nano_ext[dpgmm]-no_merge,159,159,159,1.0,1.0,1.0,1.0,0.0030177455774931285,0.017859458923339844,0.8805031446540881,,10.781982084999981,
levels_sep_long,1.0,1,nano_ext[dpgmm],179,179,179,1.0,1.0,1.0,1.0,0.00134904598869319,0.01907520294189453,1.0,,11.191005081000185,
levels_sep_long,1.0,0,nano_ext[dpgmm]-no_thinning,159,159,159,1.0,1.0,1.0,1.0,0.0017302172167043446,0.017989540100097658,0.9559748427672956,,25.79039854199982,
levels_sep_long,1.0,1,nano_ext[dpgmm]-no_dp_prior,179,179,179,1.0,1.0,1.0,1.0,0.00134904598869319,0.01907520294189453,0.994413407821229,,15.6432167389994,
levels_sep_long,1.0,1,nano_ext[dpgmm]-no_merge,179,179,179,1.0,1.0,1.0,1.0,0.0029675206098625033,0.020392100016275925,0.88268156424581,,12.007933938999486,
levels_sep_long,1.0,2,nano_ext[dpgmm],188,188,188,1.0,1.0,1.0,1.0,0.0016603528640976232,0.019366931915283145,0.9946808510638298,,11.7693930610003,
levels_sep_long,1.0,1,nano_ext[dpgmm]-no_thinning,179,179,179,1.0,1.0,1.0,1.0,0.00134904598869319,0.01907520294189453,0.9217877094972067,,27.144829886999105,
levels_sep_long,1.0,2,nano_ext[dpgmm]-no_dp_prior,188,188,188,1.0,1.0,1.0,1.0,0.0016529633775566109,0.019366931915283145,0.9946808510638298,,14.617845744000078,
levels_sep_long,1.0,2,nano_ext[dpgmm]-no_merge,188,188,188,1.0,1.0,1.0,1.0,0.0032182706534315403,0.01902103424072272,0.8617021276595744,,11.898157811000601,
levels_sep_long,1.0,3,nano_ext[dpgmm],145,145,145,1.0,1.0,1.0,1.0,0.0015411631241641266,0.02202154795328776,1.0,,11.215902506999555,
levels_sep_long,1.0,2,nano_ext[dpgmm]-no_thinning,188,188,188,1.0,1.0,1.0,1.0,0.0016603528640976232,0.019366931915283145,0.9308510638297872,,29.07785372499984,
levels_sep_long,1.0,3,nano_ext[dpgmm]-no_dp_prior,145,145,145,1.0,1.0,1.0,1.0,0.0015410380764503146,0.02202154795328776,0.9862068965517241,,12.413993133999611,
levels_sep_long,1.0,3,nano_ext[dpgmm]-no_merge,145,145,145,1.0,1.0,1.0,1.0,0.002224683083979634,0.022590764363606772,0.9103448275862069,,10.604946750000636,
levels_sep_long,1.0,4,nano_ext[dpgmm],152,152,152,1.0,1.0,1.0,1.0,0.0014560828125190818,0.018003590901692706,0.9868421052631579,,12.226694371000121,
levels_sep_long,1.0,3,nano_ext[dpgmm]-no_thinning,145,145,145,1.0,1.0,1.0,1.0,0.0015411631241641266,0.02202154795328776,0.9379310344827586,,24.570412026999293,
levels_sep_long,1.0,4,nano_ext[dpgmm]-no_dp_prior,152,152,152,1.0,1.0,1.0,1.0,0.0025006335964582746,0.01859445571899414,0.9868421052631579,,12.244721387000027,
levels_sep_long,1.0,4,nano_ext[dpgmm]-no_merge,152,152,152,1.0,1.0,1.0,1.0,0.002528464005721784,0.01859445571899414,0.8947368421052632,,11.982786562000001,
levels_close_long,2.0,0,nano_ext[dpgmm],152,152,152,1.0,1.0,1.0,1.0,0.0012652155552986956,0.02397894866931266,0.993421052631579,4.587330957983582,8.20153429400034,
levels_close_long,2.0,0,nano_ext[dpgmm]-no_dp_prior,152,152,152,1.0,1.0,1.0,1.0,0.0012652155552986956,0.02397894866931266,0.993421052631579,4.587330957983582,10.428289974999643,
levels_sep_long,1.0,4,nano_ext[dpgmm]-no_thinning,152,152,152,1.0,1.0,1.0,1.0,0.0014560828125190818,0.018003590901692706,0.9539473684210527,,26.942514317999667,
levels_close_long,2.0,0,nano_ext[dpgmm]-no_merge,152,152,152,1.0,1.0,1.0,1.0,0.0012652155552986956,0.02397894866931266,1.0,4.5910835663187655,8.053291547000299,
levels_close_long,2.0,1,nano_ext[dpgmm],145,146,145,1.0,0.9931506849315068,0.9965635738831615,0.9965635738831615,0.0012032852929937683,0.01836823255738622,0.9724137931034482,4.7776166700597145,7.339766748000329,
levels_close_long,2.0,1,nano_ext[dpgmm]-no_dp_prior,145,146,145,1.0,0.9931506849315068,0.9965635738831615,0.9965635738831615,0.0011930397358995246,0.01836823255738622,0.9724137931034482,4.587607935646609,9.538883920999979,
levels_close_long,2.0,0,nano_ext[dpgmm]-no_thinning,152,152,152,1.0,1.0,1.0,1.0,0.0012652155552986956,0.02397894866931266,1.0,5.3629996379922495,26.541982681999798,
levels_close_long,2.0,1,nano_ext[dpgmm]-no_merge,145,146,145,1.0,0.9931506849315068,0.9965635738831615,0.9965635738831615,0.0011722745111846246,0.01836823255738622,0.9724137931034482,4.7776166700597145,8.370263075999901,
levels_close_long,2.0,2,nano_ext[dpgmm],167,167,167,1.0,1.0,1.0,1.0,0.0012610351292592686,0.023748855002942593,0.9880239520958084,4.035485563047558,9.345732556000257,
levels_close_long,2.0,1,nano_ext[dpgmm]-no_thinning,145,146,145,1.0,0.9931506849315068,0.9965635738831615,0.9965635738831615,0.0012032852929937683,0.01836823255738622,0.9724137931034482,4.359572537637746,23.822519203999946,
levels_close_long,2.0,2,nano_ext[dpgmm]-no_dp_prior,167,167,167,1.0,1.0,1.0,1.0,0.0012610351292592686,0.023748855002942593,0.9880239520958084,4.035485563047558,10.502518396000596,
levels_close_long,2.0,2,nano_ext[dpgmm]-no_merge,167,168,167,1.0,0.9940476190476191,0.9970149253731343,0.9970149253731343,0.0014439223735882355,0.023639848798655837,0.9820359281437125,4.135674283145541,8.520481182999902,
levels_close_long,2.0,3,nano_ext[dpgmm],135,135,135,1.0,1.0,1.0,1.0,0.001222932997179935,0.023749054941458746,0.9851851851851852,4.36232493328248,7.24456355700022,
levels_close_long,2.0,3,nano_ext[dpgmm]-no_dp_prior,135,135,135,1.0,1.0,1.0,1.0,0.001244564894192558,0.023749054941458746,0.9851851851851852,4.544311383858357,9.727803337000296,
levels_close_long,2.0,2,nano_ext[dpgmm]-no_thinning,167,167,167,1.0,1.0,1.0,1.0,0.0012610351292592686,0.023748855002942593,0.9880239520958084,4.22454391690863,26.721796062000067,
levels_close_long,2.0,3,nano_ext[dpgmm]-no_merge,135,138,134,0.9925925925925926,0.9710144927536232,0.9816849816849818,0.989010989010989,0.002179631352094729,0.02423986683157819,0.9925373134328358,4.185355694907855,7.723706848000802,
levels_close_long,2.0,4,nano_ext[dpgmm],146,146,146,1.0,1.0,1.0,1.0,0.0011077577738450011,0.021343471433651902,1.0,4.3409359222756905,7.5475306259995705,
levels_close_long,2.0,4,nano_ext[dpgmm]-no_dp_prior,146,146,146,1.0,1.0,1.0,1.0,0.0011077577738450011,0.021343471433651902,1.0,4.257153540132563,9.743019389999972,
levels_close_long,2.0,3,nano_ext[dpgmm]-no_thinning,135,135,135,1.0,1.0,1.0,1.0,0.001222932997179935,0.023749054941458746,0.9851851851851852,4.6931097532620925,21.677897693000887,
levels_close_long,2.0,4,nano_ext[dpgmm]-no_merge,146,146,146,1.0,1.0,1.0,1.0,0.0009814903062943191,0.02163719619828699,1.0,4.257153540132563,7.854103011999541,
levels_sep_long,2.0,0,nano_ext[dpgmm],152,152,152,1.0,1.0,1.0,1.0,0.0011622474934020897,0.016253204596052926,1.0,3.8774333357416424,7.170498486000724,
levels_close_long,2.0,4,nano_ext[dpgmm]-no_thinning,146,146,146,1.0,1.0,1.0,1.0,0.0011077577738450011,0.021343471433651902,1.0,4.97955598286609,24.215975195000283,
levels_sep_long,2.0,0,nano_ext[dpgmm]-no_dp_prior,152,152,152,1.0,1.0,1.0,1.0,0.0024167787734908023,0.01651235003094409,1.0,3.7544942668166215,9.370613643999604,
levels_sep_long,2.0,0,nano_ext[dpgmm]-no_merge,152,152,152,1.0,1.0,1.0,1.0,0.0024874081422049162,0.01651235003094409,1.0,3.7544942668166215,7.997409827999945,
levels_sep_long,2.0,1,nano_ext[dpgmm],145,145,145,1.0,1.0,1.0,1.0,0.0012298774891103465,0.011950621697888597,0.9724137931034482,3.6217927028570074,7.224451027000214,
levels_sep_long,2.0,0,nano_ext[dpgmm]-no_thinning,152,152,152,1.0,1.0,1.0,1.0,0.0011622474934020897,0.016253204596052926,1.0,3.9054960110362913,24.13893981000001,
levels_sep_long,2.0,1,nano_ext[dpgmm]-no_dp_prior,145,145,145,1.0,1.0,1.0,1.0,0.0027402682926279784,0.012149471579231524,0.9724137931034482,3.6217927028570074,9.108431399999972,
levels_sep_long,2.0,1,nano_ext[dpgmm]-no_merge,145,145,145,1.0,1.0,1.0,1.0,0.0031788847773762214,0.0125134296977142,0.9655172413793104,3.641793887676492,6.992170284999702,
levels_sep_long,2.0,2,nano_ext[dpgmm],167,167,167,1.0,1.0,1.0,1.0,0.0013044759206799939,0.015395654208945014,0.9880239520958084,3.547116273594497,8.549458495999716,
levels_sep_long,2.0,1,nano_ext[dpgmm]-no_thinning,145,145,145,1.0,1.0,1.0,1.0,0.0012298774891103465,0.011950621697888597,0.9724137931034482,4.0165755224030875,21.550839518999965,
levels_sep_long,2.0,2,nano_ext[dpgmm]-no_dp_prior,167,167,167,1.0,1.0,1.0,1.0,0.0026629189040754024,0.01542703947388943,0.9880239520958084,3.742115097349341,10.545487088999835,
levels_sep_long,2.0,2,nano_ext[dpgmm]-no_merge,167,167,167,1.0,1.0,1.0,1.0,0.002843254226228491,0.01542703947388943,0.9880239520958084,3.742115097349341,8.231582194000111,
levels_sep_long,2.0,3,nano_ext[dpgmm],135,135,135,1.0,1.0,1.0,1.0,0.0025530998130178046,0.015372020009838614,0.9925925925925926,3.3093501339287457,6.701124435000565,
levels_sep_long,2.0,3,nano_ext[dpgmm]-no_dp_prior,135,135,135,1.0,1.0,1.0,1.0,0.0025530998130178046,0.015372020009838614,0.9925925925925926,3.3093501339287457,8.872478731999763,
levels_sep_long,2.0,2,nano_ext[dpgmm]-no_thinning,167,167,167,1.0,1.0,1.0,1.0,0.0013044759206799939,0.015395654208945014,0.9880239520958084,3.782061481771848,25.100313222000295,
levels_sep_long,2.0,3,nano_ext[dpgmm]-no_merge,135,135,135,1.0,1.0,1.0,1.0,0.002118418106671596,0.015372020009838614,0.9925925925925926,3.301270064759443,6.763307896000697,
levels_sep_long,2.0,4,nano_ext[dpgmm],146,146,146,1.0,1.0,1.0,1.0,0.0026838756905195656,0.014607114289913872,1.0,3.7565396641126014,7.223368726999979,
levels_sep_long,2.0,4,nano_ext[dpgmm]-no_dp_prior,146,146,146,1.0,1.0,1.0,1.0,0.0026838756905195656,0.014607114289913872,1.0,3.7565396641126014,9.596881440999823,
levels_sep_long,2.0,3,nano_ext[dpgmm]-no_thinning,135,135,135,1.0,1.0,1.0,1.0,0.0025530998130178046,0.015372020009838614,0.9925925925925926,3.2187870140365504,21.13277859200025,
levels_sep_long,2.0,4,nano_ext[dpgmm]-no_merge,146,146,146,1.0,1.0,1.0,1.0,0.0028478443652235255,0.014816846149125956,1.0,3.7565396641126014,7.148856427999817,
levels_close_long,3.0,0,nano_ext[dpgmm],98,99,98,1.0,0.98989898989899,0.9949238578680203,0.9949238578680203,0.000688695485798548,0.021468882523880215,0.2857142857142857,10.359767808720832,10.03569323100055,
levels_sep_long,2.0,4,nano_ext[dpgmm]-no_thinning,146,146,146,1.0,1.0,1.0,1.0,0.0026838756905195656,0.014607114289913872,1.0,3.536784919988545,22.530878862999998,
levels_close_long,3.0,0,nano_ext[dpgmm]-no_dp_prior,98,99,98,1.0,0.98989898989899,0.9949238578680203,0.9949238578680203,0.000688695485798548,0.021468882523880215,0.2857142857142857,10.728475828836181,12.035368015999666,
levels_close_long,3.0,0,nano_ext[dpgmm]-no_merge,98,99,98,1.0,0.98989898989899,0.9949238578680203,0.9949238578680203,0.0006895656178071575,0.021346600927393496,0.3877551020408163,10.575825110437087,10.860434277000422,
levels_close_long,3.0,1,nano_ext[dpgmm],105,106,105,1.0,0.9905660377358491,0.9952606635071091,0.9952606635071091,0.0007596977397782271,0.022727815263301678,0.2761904761904762,9.131312870225283,10.395724902999973,
levels_close_long,3.0,0,nano_ext[dpgmm]-no_thinning,98,99,98,1.0,0.98989898989899,0.9949238578680203,0.9949238578680203,0.000688695485798548,0.021468882523880215,0.5510204081632653,11.324786599542502,28.33909021999989,
levels_close_long,3.0,1,nano_ext[dpgmm]-no_dp_prior,105,106,105,1.0,0.9905660377358491,0.9952606635071091,0.9952606635071091,0.0007596977397782271,0.022727815263301678,0.3238095238095238,8.894669645598263,12.209883630999684,
levels_close_long,3.0,1,nano_ext[dpgmm]-no_merge,105,105,105,1.0,1.0,1.0,1.0,0.0007531683356895908,0.022727815263301678,0.4095238095238095,8.84024249159232,10.642097979999562,
levels_close_long,3.0,2,nano_ext[dpgmm],127,127,127,1.0,1.0,1.0,1.0,0.0005580251623517836,0.02288281295039713,0.3779527559055118,9.867916133443622,12.650238341999284,
levels_close_long,3.0,1,nano_ext[dpgmm]-no_thinning,105,106,105,1.0,0.9905660377358491,0.9952606635071091,0.9952606635071091,0.0007596977397782271,0.022727815263301678,0.5142857142857142,10.20149539177062,28.416405701999793,
levels_close_long,3.0,2,nano_ext[dpgmm]-no_dp_prior,127,127,127,1.0,1.0,1.0,1.0,0.0005580251623517836,0.02288281295039713,0.3937007874015748,8.549226164594053,15.89893867200044,
levels_close_long,3.0,2,nano_ext[dpgmm]-no_merge,127,127,127,1.0,1.0,1.0,1.0,0.0006271394421942216,0.02288281295039713,0.4645669291338583,11.340864526365735,13.374950612000248,
levels_close_long,3.0,3,nano_ext[dpgmm],101,102,101,1.0,0.9901960784313726,0.9950738916256158,0.9950738916256158,0.0007865733372585222,0.02068287995901105,0.32673267326732675,8.861938094295585,9.605535307000537,
levels_close_long,3.0,3,nano_ext[dpgmm]-no_dp_prior,101,102,101,1.0,0.9901960784313726,0.9950738916256158,0.9950738916256158,0.0007865733372585222,0.02068287995901105,0.3564356435643564,9.183384593658417,12.62334298299993,
levels_close_long,3.0,2,nano_ext[dpgmm]-no_thinning,127,127,127,1.0,1.0,1.0,1.0,0.0005580251623517836,0.02288281295039713,0.4645669291338583,9.966826564733466,35.913266923000265,
levels_close_long,3.0,3,nano_ext[dpgmm]-no_merge,101,115,100,0.9900990099009901,0.8695652173913043,0.9259259259259259,0.9351851851851852,0.000703602790498184,0.020137529777937965,0.43,9.557622427935897,9.963490936000198,
levels_close_long,3.0,4,nano_ext[dpgmm],106,106,106,1.0,1.0,1.0,1.0,0.0007678338763343064,0.019665962488867806,0.25471698113207547,9.58739812687015,9.436116658000174,
levels_close_long,3.0,4,nano_ext[dpgmm]-no_dp_prior,106,106,106,1.0,1.0,1.0,1.0,0.0007411358978203345,0.019665962488867806,0.25471698113207547,9.908701427280286,12.182921575999899,
levels_close_long,3.0,3,nano_ext[dpgmm]-no_thinning,101,102,101,1.0,0.9901960784313726,0.9950738916256158,0.9950738916256158,0.0007865733372585222,0.02068287995901105,0.48514851485148514,9.925488400730487,28.694903185999465,
levels_close_long,3.0,4,nano_ext[dpgmm]-no_merge,106,106,106,1.0,1.0,1.0,1.0,0.0007745674109930985,0.019571617637123086,0.3584905660377358,9.410540181220561,9.678209092000543,
levels_sep_long,3.0,0,nano_ext[dpgmm],98,151,98,1.0,0.6490066225165563,0.7871485943775101,0.7871485943775101,0.004685708975000948,0.02449016173169024,0.6632653061224489,5.746521724581122,6.754556851999951,
levels_sep_long,3.0,0,nano_ext[dpgmm]-no_dp_prior,98,149,98,1.0,0.6577181208053692,0.7935222672064777,0.7935222672064777,0.003491054459762386,0.02449016173169024,0.7448979591836735,5.239099825304905,8.163296056000036,
levels_sep_long,3.0,0,nano_ext[dpgmm]-no_merge,98,145,98,1.0,0.6758620689655173,0.8065843621399177,0.8065843621399177,0.003024553482977895,0.023666370645677608,0.6836734693877551,5.318819363941962,6.941874425999231,
levels_close_long,3.0,4,nano_ext[dpgmm]-no_thinning,106,106,106,1.0,1.0,1.0,1.0,0.0007678338763343064,0.019665962488867806,0.5188679245283019,9.281198507626875,27.976656746000117,
levels_sep_long,3.0,1,nano_ext[dpgmm],105,177,104,0.9904761904761905,0.5875706214689266,0.7375886524822696,0.7446808510638298,0.004478004043617,0.037939399028945914,0.7307692307692307,5.224970254236183,7.801091995000206,
levels_sep_long,3.0,0,nano_ext[dpgmm]-no_thinning,98,151,98,1.0,0.6490066225165563,0.7871485943775101,0.7871485943775101,0.004685708975000948,0.02449016173169024,0.826530612244898,5.3993688113318505,14.110566907999782,
levels_sep_long,3.0,1,nano_ext[dpgmm]-no_dp_prior,105,179,104,0.9904761904761905,0.5810055865921788,0.7323943661971832,0.7394366197183099,0.004486813687307207,0.037939399028945914,0.7788461538461539,5.033795476117042,9.675204430000122,
levels_sep_long,3.0,1,nano_ext[dpgmm]-no_merge,105,147,104,0.9904761904761905,0.7074829931972789,0.8253968253968256,0.8333333333333333,0.0019805317421712726,0.02452456658683417,0.7596153846153846,5.34185502276685,7.674488747999931,
levels_sep_long,3.0,2,nano_ext[dpgmm],127,196,125,0.984251968503937,0.6377551020408163,0.7739938080495357,0.7863777089783281,0.004779596263027178,0.028445181093422776,0.76,5.307339536086281,8.393027853999229,
levels_sep_long,3.0,1,nano_ext[dpgmm]-no_thinning,105,177,104,0.9904761904761905,0.5875706214689266,0.7375886524822696,0.7446808510638298,0.004478004043617,0.037939399028945914,0.8461538461538461,5.607469112267616,15.44727962899924,
levels_sep_long,3.0,2,nano_ext[dpgmm]-no_dp_prior,127,200,125,0.984251968503937,0.625,0.764525993883792,0.7767584097859327,0.007076173080517322,0.030974701540624785,0.768,5.290667411516487,10.71586789200046,
levels_sep_long,3.0,2,nano_ext[dpgmm]-no_merge,127,191,125,0.984251968503937,0.6544502617801047,0.7861635220125787,0.7987421383647798,0.004189979485101287,0.025042818405998573,0.784,5.341827572502567,8.275130789999821,
levels_sep_long,3.0,3,nano_ext[dpgmm],101,163,101,1.0,0.6196319018404908,0.7651515151515151,0.7651515151515151,0.005457335517862726,0.031259233506289834,0.7722772277227723,5.654958100342888,7.6412010730000475,
levels_sep_long,3.0,3,nano_ext[dpgmm]-no_dp_prior,101,162,101,1.0,0.6234567901234568,0.768060836501901,0.768060836501901,0.005090546078242174,0.029550333949402725,0.7623762376237624,5.59329882832138,9.232806355999855,
levels_sep_long,3.0,2,nano_ext[dpgmm]-no_thinning,127,196,125,0.984251968503937,0.6377551020408163,0.7739938080495357,0.7863777089783281,0.004779596263027178,0.028445181093422776,0.888,5.916455138033072,18.130131204000463,
levels_sep_long,3.0,3,nano_ext[dpgmm]-no_merge,101,127,101,1.0,0.7952755905511811,0.8859649122807018,0.8859649122807018,0.0013551821594805743,0.019518644782559668,0.8217821782178217,6.102791255346851,6.6205232800002705,
levels_sep_long,3.0,4,nano_ext[dpgmm],106,153,106,1.0,0.6928104575163399,0.8185328185328186,0.8185328185328186,0.0031308114123132086,0.026445572978145187,0.7641509433962265,5.538909232827294,8.364257801000349,
levels_sep_long,3.0,3,nano_ext[dpgmm]-no_thinning,101,163,101,1.0,0.6196319018404908,0.7651515151515151,0.7651515151515151,0.005457335517862726,0.031259233506289834,0.8316831683168316,5.49409070316198,16.157789494999633,
levels_sep_long,3.0,4,nano_ext[dpgmm]-no_merge,106,137,106,1.0,0.7737226277372263,0.8724279835390947,0.8724279835390947,0.001708527874675693,0.02063695475557048,0.7641509433962265,5.538909232827294,7.531483225999182,
levels_sep_long,3.0,4,nano_ext[dpgmm]-no_dp_prior,106,155,106,1.0,0.6838709677419355,0.8122605363984674,0.8122605363984674,0.003187052223960583,0.026445572978145187,0.8301886792452831,5.538909232827294,9.291854559000058,
levels_close_long,4.0,0,nano_ext[dpgmm],91,240,91,1.0,0.37916666666666665,0.5498489425981873,0.5498489425981873,0.2088285498241672,0.11118102126176012,0.1978021978021978,18.91140436993677,10.21171804200003,
levels_sep_long,3.0,4,nano_ext[dpgmm]-no_thinning,106,153,106,1.0,0.6928104575163399,0.8185328185328186,0.8185328185328186,0.0031308114123132086,0.026445572978145187,0.9339622641509434,5.678995541380516,15.1309619069998,
levels_close_long,4.0,0,nano_ext[dpgmm]-no_dp_prior,91,240,91,1.0,0.37916666666666665,0.5498489425981873,0.5498489425981873,0.2088285498241672,0.11118102126176012,0.16483516483516483,17.934492173354855,13.75299674100006,
levels_close_long,4.0,0,nano_ext[dpgmm]-no_merge,91,242,91,1.0,0.3760330578512397,0.5465465465465466,0.5465465465465466,0.1939030816351413,0.1033028681870597,0.37362637362637363,16.657557203370033,10.848967036999966,
levels_close_long,4.0,1,nano_ext[dpgmm],96,243,94,0.9791666666666666,0.3868312757201646,0.5545722713864306,0.5663716814159292,0.2130426540886301,0.11148165813072732,0.1702127659574468,34.887763925323114,10.819576535000124,
levels_close_long,4.0,1,nano_ext[dpgmm]-no_dp_prior,96,246,94,0.9791666666666666,0.3821138211382114,0.5497076023391814,0.5614035087719299,0.2167816083494341,0.11526444690630444,0.1702127659574468,20.60828142247395,13.592844779999723,
levels_close_long,4.0,0,nano_ext[dpgmm]-no_thinning,91,240,91,1.0,0.37916666666666665,0.5498489425981873,0.5498489425981873,0.2088285498241672,0.11118102126176012,0.17582417582417584,10.280710368570922,27.37437894499999,
levels_close_long,4.0,1,nano_ext[dpgmm]-no_merge,96,226,93,0.96875,0.41150442477876104,0.5776397515527951,0.5962732919254659,0.21579174943188312,0.11378674340640312,0.27956989247311825,34.887763925323114,9.422246883000298,
levels_close_long,4.0,2,nano_ext[dpgmm],114,300,114,1.0,0.38,0.5507246376811594,0.5507246376811594,0.19106227591805489,0.10303809453200186,0.09649122807017543,25.689003355644502,12.941172193000057,
levels_close_long,4.0,1,nano_ext[dpgmm]-no_thinning,96,243,94,0.9791666666666666,0.3868312757201646,0.5545722713864306,0.5663716814159292,0.2130426540886301,0.11148165813072732,0.18085106382978725,16.19945783870591,28.06689342200025,
levels_close_long,4.0,2,nano_ext[dpgmm]-no_dp_prior,114,309,114,1.0,0.36893203883495146,0.5390070921985816,0.5390070921985816,0.19106227591805489,0.10303809453200186,0.10526315789473684,40.53443821072644,16.501538002000416,
levels_close_long,4.0,2,nano_ext[dpgmm]-no_merge,114,324,114,1.0,0.35185185185185186,0.5205479452054794,0.5205479452054794,0.17932788934948657,0.08741474691770579,0.2543859649122807,20.833850681079014,13.582908648999364,
levels_close_long,4.0,3,nano_ext[dpgmm],96,257,94,0.9791666666666666,0.3657587548638132,0.5325779036827195,0.5439093484419264,0.20982678119677634,0.11329109409564911,0.23404255319148937,9.916524040143315,11.342283014999339,
levels_close_long,4.0,3,nano_ext[dpgmm]-no_dp_prior,96,258,94,0.9791666666666666,0.3643410852713178,0.5310734463276836,0.5423728813559322,0.20982678119677634,0.11329109409564911,0.24468085106382978,9.738934682257394,13.870658734000244,
levels_close_long,4.0,2,nano_ext[dpgmm]-no_thinning,114,300,114,1.0,0.38,0.5507246376811594,0.5507246376811594,0.19106227591805489,0.10303809453200186,0.06140350877192982,14.683986395702675,36.25289973799954,
levels_close_long,4.0,3,nano_ext[dpgmm]-no_merge,96,236,94,0.9791666666666666,0.3983050847457627,0.5662650602409639,0.5783132530120482,0.21783479512474407,0.11742953045006903,0.26595744680851063,16.18060821151346,11.904255397999805,
levels_close_long,4.0,4,nano_ext[dpgmm],95,253,93,0.9789473684210527,0.3675889328063241,0.5344827586206897,0.5459770114942528,0.19363809863709014,0.10641534802759353,0.15053763440860216,12.789254791201188,11.297941768999408,
levels_close_long,4.0,4,nano_ext[dpgmm]-no_dp_prior,95,253,93,0.9789473684210527,0.3675889328063241,0.5344827586206897,0.5459770114942528,0.19079645456838434,0.10424789441075838,0.15053763440860216,12.337250706651037,12.927466882000772,
levels_close_long,4.0,3,nano_ext[dpgmm]-no_thinning,96,257,94,0.9791666666666666,0.3657587548638132,0.5325779036827195,0.5439093484419264,0.20982678119677634,0.11329109409564911,0.1702127659574468,6.914284324088804,30.784623163000106,
levels_close_long,4.0,4,nano_ext[dpgmm]-no_merge,95,260,93,0.9789473684210527,0.3576923076923077,0.5239436619718311,0.5352112676056338,0.20112037988911594,0.10641534802759353,0.23655913978494625,13.449316252800436,11.177527935999933,
levels_sep_long,4.0,0,nano_ext[dpgmm],91,140,85,0.9340659340659341,0.6071428571428571,0.735930735930736,0.787878787878788,0.0026455307427351964,0.0180651168041447,0.5411764705882353,4.507301859746349,8.59455720799997,
levels_close_long,4.0,4,nano_ext[dpgmm]-no_thinning,95,253,93,0.9789473684210527,0.3675889328063241,0.5344827586206897,0.5459770114942528,0.19363809863709014,0.10641534802759353,0.12903225806451613,10.639931836198269,30.61724307499935,
levels_sep_long,4.0,0,nano_ext[dpgmm]-no_dp_prior,91,140,85,0.9340659340659341,0.6071428571428571,0.735930735930736,0.787878787878788,0.0026455307427351964,0.0180651168041447,0.5647058823529412,4.270051694010846,10.526246448000165,
levels_sep_long,4.0,0,nano_ext[dpgmm]-no_merge,91,127,87,0.9560439560439561,0.6850393700787402,0.798165137614679,0.8348623853211008,0.0025774235821881637,0.01663203320925964,0.6436781609195402,4.296892676280972,8.338807063999411,
levels_sep_long,4.0,0,nano_ext[dpgmm]-no_thinning,91,140,85,0.9340659340659341,0.6071428571428571,0.735930735930736,0.787878787878788,0.0026455307427351964,0.0180651168041447,0.6823529411764706,5.030288152241269,15.878973900999881,
levels_sep_long,4.0,1,nano_ext[dpgmm],96,145,95,0.9895833333333334,0.6551724137931034,0.7883817427385893,0.7966804979253111,0.0024591350874780932,0.016364824435749267,0.4105263157894737,3.731842575405153,9.40861259600024,
levels_sep_long,4.0,1,nano_ext[dpgmm]-no_merge,96,172,92,0.9583333333333334,0.5348837209302325,0.6865671641791045,0.7164179104477612,0.003214624404777126,0.020176596427494663,0.43478260869565216,4.641403371863362,9.051247985999908,
levels_sep_long,4.0,1,nano_ext[dpgmm]-no_dp_prior,96,145,95,0.9895833333333334,0.6551724137931034,0.7883817427385893,0.7966804979253111,0.0024591350874780932,0.016364824435749267,0.4421052631578947,3.6908707023997067,11.311082804999387,
levels_sep_long,4.0,2,nano_ext[dpgmm],114,189,109,0.956140350877193,0.5767195767195767,0.7194719471947194,0.7524752475247524,0.003168245494215586,0.02308895658375369,0.41284403669724773,4.7362734996170275,10.806173834999754,
levels_sep_long,4.0,1,nano_ext[dpgmm]-no_thinning,96,145,95,0.9895833333333334,0.6551724137931034,0.7883817427385893,0.7966804979253111,0.0024591350874780932,0.016364824435749267,0.631578947368421,5.7210326044332405,16.926649387999532,
levels_sep_long,4.0,2,nano_ext[dpgmm]-no_dp_prior,114,189,109,0.956140350877193,0.5767195767195767,0.7194719471947194,0.7524752475247524,0.00317272646481492,0.02308895658375369,0.41284403669724773,4.761544265763362,13.510125251999852,
levels_sep_long,4.0,2,nano_ext[dpgmm]-no_merge,114,147,113,0.9912280701754386,0.7687074829931972,0.8659003831417624,0.8735632183908045,0.002369050595890936,0.016614311120020996,0.5398230088495575,4.507260775721278,10.220600315999945,
levels_sep_long,4.0,3,nano_ext[dpgmm],96,132,92,0.9583333333333334,0.696969696969697,0.8070175438596493,0.8421052631578948,0.0021067480348116417,0.018416473113853197,0.5,3.6244470664748007,9.281004236000626,
levels_sep_long,4.0,2,nano_ext[dpgmm]-no_thinning,114,189,109,0.956140350877193,0.5767195767195767,0.7194719471947194,0.7524752475247524,0.003168245494215586,0.02308895658375369,0.5504587155963303,4.456983642597834,21.406407359000696,
levels_sep_long,4.0,3,nano_ext[dpgmm]-no_dp_prior,96,134,92,0.9583333333333334,0.6865671641791045,0.8,0.8347826086956522,0.0021067480348116417,0.018416473113853197,0.5543478260869565,3.9715894493141946,9.91346535699995,
levels_sep_long,4.0,3,nano_ext[dpgmm]-no_merge,96,148,91,0.9479166666666666,0.6148648648648649,0.7459016393442623,0.7868852459016393,0.002339591404193113,0.023433391712105425,0.5274725274725275,3.8163699174198484,8.383349036000254,
levels_sep_long,4.0,3,nano_ext[dpgmm]-no_thinning,96,132,92,0.9583333333333334,0.696969696969697,0.8070175438596493,0.8421052631578948,0.0021067480348116417,0.018416473113853197,0.717391304347826,5.117687923883452,15.410375923999709,
levels_sep_long,4.0,4,nano_ext[dpgmm],95,137,90,0.9473684210526315,0.656934306569343,0.7758620689655172,0.8189655172413793,0.002455268549232296,0.017749058217799825,0.3888888888888889,2.8029609904223207,8.53391886999998,
levels_sep_long,4.0,4,nano_ext[dpgmm]-no_merge,95,173,87,0.9157894736842105,0.5028901734104047,0.6492537313432836,0.7089552238805971,0.003031993291014935,0.02088001969904824,0.3793103448275862,4.019733765403544,8.626445810000405,
levels_sep_long,4.0,4,nano_ext[dpgmm]-no_dp_prior,95,137,90,0.9473684210526315,0.656934306569343,0.7758620689655172,0.8189655172413793,0.0024847793255081243,0.017749058217799825,0.5,2.986438547791792,11.259158711000055,
levels_sep_long,4.0,4,nano_ext[dpgmm]-no_thinning,95,137,90,0.9473684210526315,0.656934306569343,0.7758620689655172,0.8189655172413793,0.002455268549232296,0.017749058217799825,0.6444444444444445,5.317298886309274,14.846855466000306,
