axis,value,method,f1,level_acc,f1_x_level_acc,bound_err_us,depth_err,runtime_s,f1_sd,level_acc_sd,f1_x_level_acc_sd,bound_err_us_sd,depth_err_sd,runtime_s_sd,n_seeds
dwell,1e-05,nano_ext[dpgmm],0,,0,,,5.574,0,,0,,,0.4906,5
dwell,1e-05,nano_ext[dpgmm]-no_dp_prior,0,,0,,,5.141,0,,0,,,0.2893,5
dwell,1e-05,nano_ext[dpgmm]-no_merge,0,,0,,,5.754,0,,0,,,0.5469,5
dwell,1e-05,nano_ext[dpgmm]-no_thinning,0,,0,,,5.375,0,,0,,,0.3603,5
dwell,3e-05,nano_ext[dpgmm],0,,0,,,5.548,0,,0,,,0.5404,5
dwell,3e-05,nano_ext[dpgmm]-no_dp_prior,0,,0,,,5.339,0,,0,,,0.5904,5
dwell,3e-05,nano_ext[dpgmm]-no_merge,0,,0,,,5.66,0,,0,,,0.2904,5
dwell,3e-05,nano_ext[dpgmm]-no_thinning,0,,0,,,5.376,0,,0,,,0.5378,5
dwell,0.0001,nano_ext[dpgmm],0.1012,0.5662,0.05771,,0.06456,5.297,0.01329,0.1389,0.01861,,0.02266,0.1125,5
dwell,0.0001,nano_ext[dpgmm]-no_dp_prior,0.1012,0.5662,0.05771,,0.06456,5.528,0.01329,0.1389,0.01861,,0.02266,0.4862,5
dwell,0.0001,nano_ext[dpgmm]-no_merge,0.1048,0.5509,0.05763,,0.06882,5.887,0.01406,0.1576,0.01869,,0.02285,0.7733,5
dwell,0.0001,nano_ext[dpgmm]-no_thinning,0.1012,0.5662,0.05771,,0.06456,5.215,0.01329,0.1389,0.01861,,0.02266,0.4276,5
dwell,0.0003,nano_ext[dpgmm],0.8451,0.5317,0.4493,3.484,0.03786,5.694,0.02161,0.06136,0.05138,3.228,0.002463,0.3625,5
dwell,0.0003,nano_ext[dpgmm]-no_dp_prior,0.8451,0.5373,0.454,4.926,0.03786,6.267,0.02161,0.05737,0.04812,2.431,0.002463,0.5833,5
dwell,0.0003,nano_ext[dpgmm]-no_merge,0.8466,0.5321,0.4503,2.074,0.03865,5.742,0.01964,0.05917,0.04878,1.702,0.001968,0.6561,5
dwell,0.0003,nano_ext[dpgmm]-no_thinning,0.8451,0.5376,0.4543,4.378,0.03786,5.892,0.02161,0.05497,0.04638,2.867,0.002463,0.4298,5
dwell,0.001,nano_ext[dpgmm],0.9983,0.7868,0.7855,4.395,0.02472,10.23,0.002515,0.02086,0.02093,1.388,0.002227,0.5822,5
dwell,0.001,nano_ext[dpgmm]-no_dp_prior,0.9983,0.8056,0.8043,4.417,0.02486,12.73,0.002515,0.01859,0.01949,0.9511,0.002452,0.7642,5
dwell,0.001,nano_ext[dpgmm]-no_merge,0.9983,0.7775,0.7762,4.282,0.02475,10.74,0.002515,0.02094,0.02054,1.161,0.002474,1.267,5
dwell,0.001,nano_ext[dpgmm]-no_thinning,0.9983,0.787,0.7857,4.55,0.02472,19.09,0.002515,0.01372,0.01423,0.7621,0.002227,2.088,5
dwell,0.01,nano_ext[dpgmm],0.997,1,0.997,4.182,0.02055,24.57,0.002715,0,0.002715,0.6615,0.002781,3.699,5
dwell,0.01,nano_ext[dpgmm]-no_dp_prior,0.997,1,0.997,4.176,0.02055,25.28,0.002715,0,0.002715,0.6557,0.002781,4.269,5
dwell,0.01,nano_ext[dpgmm]-no_merge,0.9967,0.9044,0.9015,4.176,0.02064,23.83,0.002998,0.02826,0.02739,0.6557,0.002759,3.181,5
dwell,0.01,nano_ext[dpgmm]-no_thinning,0.997,1,0.997,4.316,0.02055,57.18,0.002715,0,0.002715,0.5261,0.002781,8.456,5
dwell,0.1,nano_ext[dpgmm],0.9829,0.9907,0.9738,4.972,0.01408,58.34,0.005912,0.01274,0.01385,1.481,0.002602,16.52,5
dwell,0.1,nano_ext[dpgmm]-no_dp_prior,0.9829,0.9907,0.9738,5.235,0.01408,52.05,0.005912,0.01274,0.01385,1.19,0.002602,12.74,5
dwell,0.1,nano_ext[dpgmm]-no_merge,0.9699,0.4584,0.4433,4.634,0.01435,66.12,0.03157,0.05791,0.043,1.485,0.002506,21.42,5
dwell,0.1,nano_ext[dpgmm]-no_thinning,0.9829,0.9907,0.9738,5.268,0.01408,205.7,0.005912,0.01274,0.01385,1.55,0.002602,47.57,5
levels,1,nano_ext[dpgmm],0.9988,0.9974,0.9963,,0.02327,9.028,0.002646,0.005734,0.005682,,0.001223,0.6759,5
levels,1,nano_ext[dpgmm]-no_dp_prior,0.9988,0.9918,0.9906,,0.02338,10.79,0.002646,0.003841,0.005695,,0.001329,2.729,5
levels,1,nano_ext[dpgmm]-no_merge,0.9988,0.961,0.9599,,0.02314,10.02,0.002646,0.006809,0.007774,,0.00195,1.047,5
levels,1,nano_ext[dpgmm]-no_thinning,0.9988,0.9374,0.9362,,0.02327,19.12,0.002646,0.01763,0.01606,,0.001223,2.657,5
levels,2,nano_ext[dpgmm],0.9982,0.5562,0.5553,4.29,0.02858,6.972,0.003958,0.0378,0.03832,0.6686,0.002624,0.482,5
levels,2,nano_ext[dpgmm]-no_dp_prior,0.9982,0.5956,0.5946,4.3,0.02858,8.227,0.003958,0.02414,0.02459,0.5637,0.002624,0.4213,5
levels,2,nano_ext[dpgmm]-no_merge,0.9982,0.5642,0.5633,4.333,0.02857,7.35,0.003958,0.03865,0.03957,0.6353,0.002503,0.4233,5
levels,2,nano_ext[dpgmm]-no_thinning,0.9982,0.615,0.614,4.566,0.02858,10.75,0.003958,0.03179,0.03222,0.6591,0.002624,0.6196,5
levels,3,nano_ext[dpgmm],0.9978,0.05568,0.05556,10.99,0.02852,8.241,0.002373,0.02123,0.02121,4.045,0.001467,0.7309,5
levels,3,nano_ext[dpgmm]-no_dp_prior,0.9978,0.06233,0.06218,9.134,0.02852,9.183,0.002373,0.01988,0.01981,1.308,0.001467,1.12,5
levels,3,nano_ext[dpgmm]-no_merge,0.9977,0.08444,0.08426,9.495,0.02862,8.026,0.003711,0.01714,0.0172,1.711,0.001541,0.989,5
levels,3,nano_ext[dpgmm]-no_thinning,0.9978,0.1307,0.1304,9.25,0.02852,13.51,0.002373,0.03542,0.03509,0.9371,0.001467,1.683,5
levels,4,nano_ext[dpgmm],0.9682,0.006985,0.006756,8.63,0.05456,6.165,0.002152,0.007294,0.007055,6.87,0.005265,0.2516,5
levels,4,nano_ext[dpgmm]-no_dp_prior,0.9682,0.01039,0.01005,21.29,0.05433,7.397,0.002152,0.009219,0.008913,24.43,0.004758,0.7274,5
levels,4,nano_ext[dpgmm]-no_merge,0.9709,0.01583,0.0153,17.85,0.06121,6.218,0.005425,0.01764,0.01703,10.93,0.01211,0.4514,5
levels,4,nano_ext[dpgmm]-no_thinning,0.9682,0.00759,0.00735,10.52,0.05456,9.361,0.002152,0.006076,0.005887,5.22,0.005265,0.7665,5
levels_close_long,1,nano_ext[dpgmm],1,0.995,0.995,,0.01929,11.48,0,0.005438,0.005438,,0.001648,0.675,5
levels_close_long,1,nano_ext[dpgmm]-no_dp_prior,1,0.9899,0.9899,,0.01941,13.13,0,0.004253,0.004253,,0.001551,1.431,5
levels_close_long,1,nano_ext[dpgmm]-no_merge,1,0.886,0.886,,0.01969,11.03,0,0.01803,0.01803,,0.001865,0.83,5
levels_close_long,1,nano_ext[dpgmm]-no_thinning,1,0.9401,0.9401,,0.01929,26.23,0,0.01474,0.01474,,0.001648,2.004,5
levels_close_long,2,nano_ext[dpgmm],0.9993,0.9878,0.9871,4.421,0.02224,7.936,0.001537,0.0103,0.01157,0.2799,0.002417,0.8721,5
levels_close_long,2,nano_ext[dpgmm]-no_dp_prior,0.9993,0.9878,0.9871,4.402,0.02224,9.988,0.001537,0.0103,0.01157,0.2472,0.002417,0.4438,5
levels_close_long,2,nano_ext[dpgmm]-no_merge,0.9951,0.9894,0.9845,4.389,0.02237,8.104,0.007645,0.01201,0.01458,0.2806,0.002462,0.3369,5
levels_close_long,2,nano_ext[dpgmm]-no_thinning,0.9993,0.9891,0.9885,4.724,0.02224,24.6,0.001537,0.01154,0.01278,0.4628,0.002417,2.095,5
levels_close_long,3,nano_ext[dpgmm],0.9971,0.3043,0.3034,9.562,0.02149,10.42,0.002694,0.04879,0.04894,0.5929,0.001365,1.299,5
levels_close_long,3,nano_ext[dpgmm]-no_dp_prior,0.9971,0.3229,0.3219,9.453,0.02149,12.99,0.002694,0.05516,0.05514,0.8712,0.001365,1.641,5
levels_close_long,3,nano_ext[dpgmm]-no_merge,0.9842,0.4101,0.4033,9.945,0.02133,10.9,0.03263,0.04039,0.03916,1,0.00149,1.463,5
levels_close_long,3,nano_ext[dpgmm]-no_thinning,0.9971,0.5068,0.5053,10.14,0.02149,29.87,0.002694,0.0332,0.03254,0.7452,0.001365,3.389,5
levels_close_long,4,nano_ext[dpgmm],0.5444,0.1698,0.09228,20.44,0.1091,11.32,0.01014,0.05162,0.02736,10.1,0.004228,1.013,5
levels_close_long,4,nano_ext[dpgmm]-no_dp_prior,0.5408,0.1671,0.09027,20.23,0.1094,14.13,0.008645,0.05033,0.02648,12.15,0.005471,1.376,5
levels_close_long,4,nano_ext[dpgmm]-no_merge,0.547,0.282,0.1545,20.4,0.1057,11.39,0.02521,0.05359,0.03145,8.518,0.01166,1.523,5
levels_close_long,4,nano_ext[dpgmm]-no_thinning,0.5444,0.1435,0.07808,11.74,0.1091,30.62,0.01014,0.05026,0.02757,3.714,0.004228,3.493,5
levels_sep_long,1,nano_ext[dpgmm],1,0.995,0.995,,0.01929,11.48,0,0.005438,0.005438,,0.001648,0.5123,5
levels_sep_long,1,nano_ext[dpgmm]-no_dp_prior,1,0.9899,0.9899,,0.01941,13.38,0,0.004253,0.004253,,0.001551,1.649,5
levels_sep_long,1,nano_ext[dpgmm]-no_merge,1,0.886,0.886,,0.01969,11.46,0,0.01803,0.01803,,0.001865,0.6993,5
levels_sep_long,1,nano_ext[dpgmm]-no_thinning,1,0.9401,0.9401,,0.01929,26.71,0,0.01474,0.01474,,0.001648,1.679,5
levels_sep_long,2,nano_ext[dpgmm],1,0.9906,0.9906,3.622,0.01472,7.374,0,0.01138,0.01138,0.216,0.001652,0.693,5
levels_sep_long,2,nano_ext[dpgmm]-no_dp_prior,1,0.9906,0.9906,3.637,0.01481,9.499,0,0.01138,0.01138,0.1915,0.001637,0.6454,5
levels_sep_long,2,nano_ext[dpgmm]-no_merge,1,0.9892,0.9892,3.639,0.01493,7.427,0,0.0142,0.0142,0.1948,0.001483,0.648,5
levels_sep_long,2,nano_ext[dpgmm]-no_thinning,1,0.9906,0.9906,3.692,0.01472,22.89,0,0.01138,0.01138,0.319,0.001652,1.692,5
levels_sep_long,3,nano_ext[dpgmm],0.7765,0.7381,0.5731,5.495,0.02972,7.791,0.0297,0.04467,0.042,0.223,0.005235,0.6685,5
levels_sep_long,3,nano_ext[dpgmm]-no_dp_prior,0.7742,0.7769,0.6017,5.339,0.02988,9.416,0.03042,0.03224,0.04135,0.2292,0.005175,0.9186,5
levels_sep_long,3,nano_ext[dpgmm]-no_merge,0.8353,0.7626,0.6379,5.529,0.02268,7.409,0.04267,0.0505,0.06522,0.333,0.002456,0.6472,5
levels_sep_long,3,nano_ext[dpgmm]-no_thinning,0.7765,0.8653,0.6726,5.619,0.02972,15.8,0.0297,0.04536,0.05658,0.1975,0.005235,1.499,5
levels_sep_long,4,nano_ext[dpgmm],0.7653,0.4507,0.3448,3.881,0.01874,9.325,0.03656,0.06611,0.05218,0.7704,0.002554,0.9168,5
levels_sep_long,4,nano_ext[dpgmm]-no_dp_prior,0.7639,0.4948,0.3785,3.936,0.01874,11.3,0.03465,0.067,0.05749,0.6626,0.002554,1.361,5
levels_sep_long,4,nano_ext[dpgmm]-no_merge,0.7492,0.505,0.3839,4.256,0.01955,8.924,0.08652,0.1021,0.112,0.34,0.002932,0.7779,5
levels_sep_long,4,nano_ext[dpgmm]-no_thinning,0.7653,0.6452,0.495,5.129,0.01874,16.89,0.03656,0.06276,0.06505,0.4603,0.002554,2.636,5
snr,2,nano_ext[dpgmm],0,,0,,,5.98,0,,0,,,1.097,5
snr,2,nano_ext[dpgmm]-no_dp_prior,0,,0,,,6.042,0,,0,,,1.014,5
snr,2,nano_ext[dpgmm]-no_merge,0,,0,,,5.862,0,,0,,,0.2239,5
snr,2,nano_ext[dpgmm]-no_thinning,0,,0,,,5.66,0,,0,,,0.576,5
snr,3,nano_ext[dpgmm],0.0347,0.798,0.02722,,0.1852,5.692,0.03448,0.06123,0.02607,,0.004108,0.1697,5
snr,3,nano_ext[dpgmm]-no_dp_prior,0.02587,0.8258,0.02132,,0.1788,5.565,0.0373,0.01071,0.03063,,0.007624,0.6212,5
snr,3,nano_ext[dpgmm]-no_merge,0.2092,0.8105,0.1651,,0.1331,6.256,0.1003,0.0784,0.07163,,0.03066,0.3854,5
snr,3,nano_ext[dpgmm]-no_thinning,0.0347,0.798,0.02722,,0.1852,5.644,0.03448,0.06123,0.02607,,0.004108,0.3442,5
snr,5,nano_ext[dpgmm],0.8353,0.6137,0.5121,163.7,0.05192,9.551,0.0379,0.0349,0.027,309.5,0.004166,0.89,5
snr,5,nano_ext[dpgmm]-no_dp_prior,0.8356,0.6174,0.5154,163,0.05192,12.14,0.03785,0.03743,0.02882,307.2,0.004166,1.572,5
snr,5,nano_ext[dpgmm]-no_merge,0.818,0.6276,0.5118,151.2,0.04915,9.348,0.05484,0.04232,0.0198,328.4,0.003647,0.9998,5
snr,5,nano_ext[dpgmm]-no_thinning,0.8353,0.6125,0.5113,77.37,0.05192,17.57,0.0379,0.03039,0.02747,98.19,0.004166,1.992,5
snr,8,nano_ext[dpgmm],0.9983,0.7868,0.7855,4.395,0.02472,9.998,0.002515,0.02086,0.02093,1.388,0.002227,1.246,5
snr,8,nano_ext[dpgmm]-no_dp_prior,0.9983,0.8056,0.8043,4.417,0.02486,11.53,0.002515,0.01859,0.01949,0.9511,0.002452,1.023,5
snr,8,nano_ext[dpgmm]-no_merge,0.9983,0.7775,0.7762,4.282,0.02475,9.894,0.002515,0.02094,0.02054,1.161,0.002474,0.6392,5
snr,8,nano_ext[dpgmm]-no_thinning,0.9983,0.787,0.7857,4.55,0.02472,18.29,0.002515,0.01372,0.01423,0.7621,0.002227,1.641,5
snr,15,nano_ext[dpgmm],0.9983,0.8198,0.8184,2.759,0.02163,9.152,0.002515,0.0104,0.01103,0.3794,0.001823,0.7413,5
snr,15,nano_ext[dpgmm]-no_dp_prior,0.9983,0.8259,0.8246,2.681,0.02172,10.44,0.002515,0.01322,0.01427,0.4038,0.001893,1.293,5
snr,15,nano_ext[dpgmm]-no_merge,0.9983,0.8039,0.8026,2.824,0.02344,9.72,0.002515,0.01597,0.01548,0.4038,0.001323,1.331,5
snr,15,nano_ext[dpgmm]-no_thinning,0.9983,0.8016,0.8003,2.813,0.02163,17.57,0.002515,0.01519,0.01586,0.5721,0.001823,1.765,5
