axis,value,seed,method,n_events_true,noise_rms,duration_sec,n_true,n_detected,tp,recall,precision,f1,f1_any,dwell_err,depth_err,level_acc,bound_err_us,runtime_s,error
snr,2.0,0,nano_ext[dpgmm],177,29.850281214840077,4.0,177,0,0,0.0,0.0,0.0,0.0,,,,,3.6773694009971214,
snr,2.0,0,nano_ext[gmm],177,29.850281214840077,4.0,177,52,6,0.0338983050847457,0.1153846153846153,0.0524017467248908,0.3580786026200873,0.4646671274140099,0.2958572387695313,0.8333333333333334,,9.733273206002195,
snr,2.0,0,threshold,177,29.850281214840077,4.0,177,27,0,0.0,0.0,0.0,0.2352941176470588,,,,,0.0624800259975018,
snr,2.0,0,pelt,177,29.850281214840077,4.0,177,12,0,0.0,0.0,0.0,0.0529100529100529,,,,,9.99865258600039,
snr,2.0,1,nano_ext[dpgmm],186,29.79199436215647,4.0,186,0,0,0.0,0.0,0.0,0.0,,,,,3.6542650960036553,
snr,2.0,1,nano_ext[gmm],186,29.79199436215647,4.0,186,56,6,0.032258064516129,0.1071428571428571,0.0495867768595041,0.3801652892561983,0.2392003105552766,0.2761842727661132,0.8333333333333334,,9.300559392999276,
snr,2.0,1,threshold,186,29.79199436215647,4.0,186,28,1,0.0053763440860215,0.0357142857142857,0.0093457943925233,0.2336448598130841,0.3818500018932425,0.3414240643266561,,,0.0611023050005314,
snr,2.0,1,pelt,186,29.79199436215647,4.0,186,11,0,0.0,0.0,0.0,0.0913705583756345,,,,,10.30501124100556,
snr,2.0,2,nano_ext[dpgmm],211,29.85070087004031,4.0,211,0,0,0.0,0.0,0.0,0.0,,,,,3.894002116998308,
snr,2.0,2,nano_ext[gmm],211,29.85070087004031,4.0,211,70,7,0.0331753554502369,0.1,0.0498220640569395,0.398576512455516,0.3704903710190125,0.3107828776041667,0.8571428571428571,,9.477519157000645,
snr,2.0,2,threshold,211,29.85070087004031,4.0,211,24,1,0.0047393364928909,0.0416666666666666,0.0085106382978723,0.1957446808510638,0.258203653845415,0.4716695160162253,,,0.0549314429954392,
snr,2.0,2,pelt,211,29.85070087004031,4.0,211,20,0,0.0,0.0,0.0,0.0952380952380952,,,,,10.31152660099906,
snr,2.0,3,nano_ext[dpgmm],186,29.86721080409217,4.0,186,0,0,0.0,0.0,0.0,0.0,,,,,3.3928238959997543,
snr,2.0,3,nano_ext[gmm],186,29.86721080409217,4.0,186,55,3,0.0161290322580645,0.0545454545454545,0.0248962655601659,0.3734439834024897,0.3325931111862108,0.407286834716797,1.0,,9.176510141995095,
snr,2.0,3,threshold,186,29.86721080409217,4.0,186,29,2,0.010752688172043,0.0689655172413793,0.0186046511627906,0.2604651162790697,0.4727639893193528,0.4299378201900383,,,0.0540990570007124,
snr,2.0,3,pelt,186,29.86721080409217,4.0,186,18,1,0.0053763440860215,0.0555555555555555,0.0098039215686274,0.1274509803921568,0.2410461485613025,0.571086255678407,1.0,,10.087374783004634,
snr,2.0,4,nano_ext[dpgmm],194,29.888827865289795,4.0,194,0,0,0.0,0.0,0.0,0.0,,,,,3.4287115519982763,
snr,2.0,4,nano_ext[gmm],194,29.888827865289795,4.0,194,56,5,0.0257731958762886,0.0892857142857142,0.04,0.3679999999999999,0.3059730060631226,0.2454869588216144,1.0,,9.376684012000624,
snr,2.0,4,threshold,194,29.888827865289795,4.0,194,21,0,0.0,0.0,0.0,0.1953488372093023,,,,,0.0543074349989183,
snr,2.0,4,pelt,194,29.888827865289795,4.0,194,11,0,0.0,0.0,0.0,0.048780487804878,,,,,9.608724958001403,
snr,3.0,0,nano_ext[dpgmm],177,19.900187476560045,4.0,177,72,6,0.0338983050847457,0.0833333333333333,0.0481927710843373,0.4658634538152609,0.4560998571807679,0.1841793696085611,0.8333333333333334,,3.390868872003921,
snr,3.0,0,nano_ext[gmm],177,19.900187476560045,4.0,177,180,52,0.2937853107344633,0.2888888888888888,0.2913165266106442,0.7619047619047619,0.2789454641264901,0.1172567367553711,0.6538461538461539,734.5741875903755,9.85008597200067,
snr,3.0,0,threshold,177,19.900187476560045,4.0,177,195,80,0.4519774011299435,0.4102564102564102,0.4301075268817205,0.7688172043010753,0.3010259080034174,0.1657854684905831,,,0.0649630330008221,
snr,3.0,0,pelt,177,19.900187476560045,4.0,177,125,79,0.4463276836158192,0.632,0.5231788079470199,0.7814569536423842,0.0155093732601106,0.1624313138326009,0.6708860759493671,31.581502506483616,11.33534062399849,
snr,3.0,1,nano_ext[dpgmm],186,19.861329574770977,4.0,186,79,6,0.032258064516129,0.0759493670886076,0.0452830188679245,0.4830188679245283,0.234838975786185,0.1896862665812173,0.8333333333333334,,3.531548042003124,
snr,3.0,1,nano_ext[gmm],186,19.861329574770977,4.0,186,186,79,0.4247311827956989,0.4247311827956989,0.4247311827956989,0.8064516129032258,0.276176187876174,0.1070563634236653,0.6835443037974683,,10.333177376000094,
snr,3.0,1,threshold,186,19.861329574770977,4.0,186,206,78,0.4193548387096774,0.3786407766990291,0.3979591836734694,0.7142857142857143,0.3049780953628191,0.1314113661453175,,,0.0560821360049885,
snr,3.0,1,pelt,186,19.861329574770977,4.0,186,115,80,0.4301075268817204,0.6956521739130435,0.5315614617940199,0.7375415282392027,0.0120966475037886,0.1550589571170622,0.675,99.47232022317066,11.636423365001974,
snr,3.0,2,nano_ext[dpgmm],211,19.90046724669354,4.0,211,0,0,0.0,0.0,0.0,0.0,,,,,3.4491926310001872,
snr,3.0,2,nano_ext[gmm],211,19.90046724669354,4.0,211,224,75,0.3554502369668246,0.3348214285714285,0.3448275862068965,0.767816091954023,0.2307860804159852,0.0774323145548502,0.8266666666666667,400.0462474647026,10.49586393700156,
snr,3.0,2,threshold,211,19.90046724669354,4.0,211,178,77,0.3649289099526066,0.4325842696629213,0.3958868894601543,0.7043701799485862,0.2375466753436573,0.1419613827941238,,,0.0556435830003465,
snr,3.0,2,pelt,211,19.90046724669354,4.0,211,130,80,0.3791469194312796,0.6153846153846154,0.469208211143695,0.7038123167155427,0.0129315688550236,0.1411555002917763,0.675,,11.176386289997026,
snr,3.0,3,nano_ext[dpgmm],186,19.91147386939478,4.0,186,0,0,0.0,0.0,0.0,0.0,,,,,3.262797793999198,
snr,3.0,3,nano_ext[gmm],186,19.91147386939478,4.0,186,189,65,0.3494623655913978,0.3439153439153439,0.3466666666666667,0.7306666666666668,0.2917262928006717,0.0984812418619791,0.7846153846153846,,10.31849966700247,
snr,3.0,3,threshold,186,19.91147386939478,4.0,186,188,83,0.4462365591397849,0.4414893617021276,0.4438502673796791,0.7540106951871658,0.2789798432426433,0.1436984927757926,,,0.0592953540035523,
snr,3.0,3,pelt,186,19.91147386939478,4.0,186,118,71,0.3817204301075269,0.6016949152542372,0.4671052631578947,0.7236842105263158,0.0162393726734661,0.1432163604626469,0.7605633802816901,,11.27378030699765,
snr,3.0,4,nano_ext[dpgmm],194,19.92588524352653,4.0,194,81,11,0.056701030927835,0.1358024691358024,0.08,0.4727272727272728,0.3383938928823579,0.1816513061523439,0.7272727272727273,,3.1402466710060253,
snr,3.0,4,nano_ext[gmm],194,19.92588524352653,4.0,194,208,78,0.4020618556701031,0.375,0.3880597014925374,0.7910447761194028,0.3140319103660659,0.0914607365926107,0.717948717948718,,10.317525045000366,
snr,3.0,4,threshold,194,19.92588524352653,4.0,194,186,74,0.3814432989690721,0.3978494623655914,0.3894736842105263,0.7421052631578947,0.229692356995859,0.1602747890976518,,,0.0634769030002644,
snr,3.0,4,pelt,194,19.92588524352653,4.0,194,123,78,0.4020618556701031,0.6341463414634146,0.4921135646687697,0.7255520504731862,0.0221435336816134,0.1536894086266862,0.6538461538461539,,10.867686838995724,
snr,5.0,0,nano_ext[dpgmm],177,11.940112485936028,4.0,177,192,150,0.847457627118644,0.78125,0.8130081300813008,0.9322493224932248,0.0299200499896939,0.0553040292949475,0.58,,5.185475648999272,
snr,5.0,0,nano_ext[gmm],177,11.940112485936028,4.0,177,187,147,0.8305084745762712,0.786096256684492,0.8076923076923077,0.9340659340659342,0.031157107075817,0.0549097061157226,0.5986394557823129,269.4891347578832,11.740838674995755,
snr,5.0,0,threshold,177,11.940112485936028,4.0,177,211,169,0.9548022598870056,0.8009478672985783,0.8711340206185568,0.9123711340206186,0.0184961139054101,0.0622599198502645,,,0.0588825310042011,
snr,5.0,0,pelt,177,11.940112485936028,4.0,177,186,162,0.9152542372881356,0.8709677419354839,0.8925619834710744,0.975206611570248,0.0041612719023507,0.0688712551315126,0.7716049382716049,7.702305152013089,11.02749777000281,
snr,5.0,1,nano_ext[dpgmm],186,11.916797744862588,4.0,186,191,169,0.9086021505376344,0.8848167539267016,0.896551724137931,0.9655172413793104,0.0220636420523406,0.0562845230102539,0.5739644970414202,18.961103111836408,5.503190524003003,
snr,5.0,1,nano_ext[gmm],186,11.916797744862588,4.0,186,191,167,0.8978494623655914,0.8743455497382199,0.8859416445623343,0.9655172413793104,0.0209922394328672,0.0542757243773217,0.5568862275449101,103.8851112885042,13.037827770996955,
snr,5.0,1,threshold,186,11.916797744862588,4.0,186,205,183,0.9838709677419356,0.8926829268292683,0.9360613810741688,0.9514066496163684,0.0161777689992596,0.0542155755706775,,,0.0588047490018652,
snr,5.0,1,pelt,186,11.916797744862588,4.0,186,193,168,0.9032258064516128,0.8704663212435233,0.8865435356200527,0.9815303430079156,0.0038961974396383,0.0611052699391865,0.8095238095238095,6.436695088041233,12.080032517005748,
snr,5.0,2,nano_ext[dpgmm],211,11.940280348016124,4.0,211,220,179,0.8483412322274881,0.8136363636363636,0.8306264501160092,0.9559164733178654,0.0199676841680225,0.0527519226074218,0.6536312849162011,627.7140921497337,5.698395256004005,
snr,5.0,2,nano_ext[gmm],211,11.940280348016124,4.0,211,217,177,0.8388625592417062,0.815668202764977,0.8271028037383177,0.9626168224299064,0.0199676841680225,0.0540524164835612,0.6497175141242938,13.314517098850231,13.110150827997131,
snr,5.0,2,threshold,211,11.940280348016124,4.0,211,235,197,0.933649289099526,0.8382978723404255,0.8834080717488789,0.946188340807175,0.0146935222868521,0.0518494378952753,,,0.0571838579999166,
snr,5.0,2,pelt,211,11.940280348016124,4.0,211,223,178,0.8436018957345972,0.7982062780269058,0.8202764976958525,0.9723502304147466,0.0043960884270052,0.0584487781900412,0.7134831460674157,6.017572124275561,11.143542625999544,
snr,5.0,3,nano_ext[dpgmm],186,11.946884321636867,4.0,186,193,159,0.8548387096774194,0.8238341968911918,0.8390501319261214,0.9762532981530344,0.0197231531800555,0.0467932761379827,0.6289308176100629,4.936409884859216,5.350717867004278,
snr,5.0,3,nano_ext[gmm],186,11.946884321636867,4.0,186,193,158,0.8494623655913979,0.8186528497409327,0.8337730870712402,0.9762532981530344,0.0202046981122886,0.0462383777235323,0.6329113924050633,7.694397230362249,13.84928154800582,
snr,5.0,3,threshold,186,11.946884321636867,4.0,186,206,179,0.9623655913978496,0.8689320388349514,0.913265306122449,0.9489795918367347,0.0165702585788238,0.0530967931430308,,,0.081172840000363,
snr,5.0,3,pelt,186,11.946884321636867,4.0,186,193,160,0.8602150537634409,0.8290155440414507,0.8443271767810027,0.9815303430079156,0.0045316467417062,0.0652768205985215,0.76875,4.164253702088061,11.16751603099692,
snr,5.0,4,nano_ext[dpgmm],194,11.955531146115916,4.0,194,215,163,0.8402061855670103,0.7581395348837209,0.7970660146699265,0.9339853300733496,0.0214568636852616,0.0484654744466145,0.6319018404907976,3.008105643145797,5.137251438995008,
snr,5.0,4,nano_ext[gmm],194,11.955531146115916,4.0,194,213,162,0.8350515463917526,0.7605633802816901,0.7960687960687961,0.9385749385749388,0.0218799758050049,0.0490714073181152,0.5925925925925926,5.286974901992647,12.441136073997768,
snr,5.0,4,threshold,194,11.955531146115916,4.0,194,224,188,0.9690721649484536,0.8392857142857143,0.8995215311004785,0.9282296650717704,0.0171373604371076,0.0453786152970644,,,0.0504286089999368,
snr,5.0,4,pelt,194,11.955531146115916,4.0,194,204,172,0.8865979381443299,0.8431372549019608,0.864321608040201,0.9748743718592964,0.0035981970369951,0.0546062084269479,0.7790697674418605,9.233091543769945,9.943345649000548,
snr,8.0,0,nano_ext[dpgmm],177,7.462570303710018,4.0,177,175,175,0.9887005649717514,1.0,0.994318181818182,0.994318181818182,0.0046973820369213,0.0273805376515096,0.7771428571428571,5.040917347098883,5.502635418000864,
snr,8.0,0,nano_ext[gmm],177,7.462570303710018,4.0,177,175,175,0.9887005649717514,1.0,0.994318181818182,0.994318181818182,0.0061228620033503,0.0278299285090839,0.76,5.510873215541778,14.058937238994986,
snr,8.0,0,threshold,177,7.462570303710018,4.0,177,177,177,1.0,1.0,1.0,1.0,0.0155554673972248,0.0280262586926823,,,0.0522444989983341,
snr,8.0,0,pelt,177,7.462570303710018,4.0,177,182,177,1.0,0.9725274725274724,0.9860724233983288,0.9860724233983288,0.0021607605529619,0.0350758012541024,0.8418079096045198,3.8976830145642793,10.92029840000032,
snr,8.0,1,nano_ext[dpgmm],186,7.447998590539117,4.0,186,186,186,1.0,1.0,1.0,1.0,0.0050462604053232,0.0226678195227723,0.7849462365591398,2.950270738488747,5.6823206300032325,
snr,8.0,1,nano_ext[gmm],186,7.447998590539117,4.0,186,186,186,1.0,1.0,1.0,1.0,0.0161545874847155,0.0276174617933681,0.7473118279569892,6.276966114493465,14.262933093996253,
snr,8.0,1,threshold,186,7.447998590539117,4.0,186,186,186,1.0,1.0,1.0,1.0,0.0123046997970019,0.0220185171671052,,,0.0573987309981021,
snr,8.0,1,pelt,186,7.447998590539117,4.0,186,189,186,1.0,0.984126984126984,0.992,0.992,0.0023471909243934,0.0247512218611498,0.8709677419354839,3.31041738999005,12.120634226004768,
snr,8.0,2,nano_ext[dpgmm],211,7.462675217510077,4.0,211,211,211,1.0,1.0,1.0,1.0,0.0054064500436915,0.0261060510516809,0.8056872037914692,3.720857539579736,6.482734555000207,
snr,8.0,2,nano_ext[gmm],211,7.462675217510077,4.0,211,211,211,1.0,1.0,1.0,1.0,0.0063663275636199,0.0264663696289062,0.7819905213270142,4.534729410643479,14.97713465700508,
snr,8.0,2,threshold,211,7.462675217510077,4.0,211,211,211,1.0,1.0,1.0,1.0,0.0129447402256018,0.0239456736432005,,,0.0603935640028794,
snr,8.0,2,pelt,211,7.462675217510077,4.0,211,217,211,1.0,0.9723502304147466,0.985981308411215,0.985981308411215,0.0023337283514355,0.0280397630556056,0.8199052132701422,2.5900746102314187,11.838097820997064,
snr,8.0,3,nano_ext[dpgmm],186,7.466802701023043,4.0,186,186,186,1.0,1.0,1.0,1.0,0.0055654537331856,0.025229263305664,0.7580645161290323,6.484450008947817,5.671454401999654,
snr,8.0,3,nano_ext[gmm],186,7.466802701023043,4.0,186,186,186,1.0,1.0,1.0,1.0,0.0126453842576535,0.0278142236486577,0.7311827956989247,6.688631623896768,15.057064487002208,
snr,8.0,3,threshold,186,7.466802701023043,4.0,186,187,186,1.0,0.9946524064171124,0.9973190348525468,0.9973190348525468,0.0134139303189145,0.0250919225914021,,,0.0557135390045004,
snr,8.0,3,pelt,186,7.466802701023043,4.0,186,190,186,1.0,0.9789473684210528,0.9893617021276596,0.9893617021276596,0.0026412862256399,0.0315745765577638,0.8225806451612904,3.106730750879194,11.607331949999208,
snr,8.0,4,nano_ext[dpgmm],194,7.472206966322449,4.0,194,193,193,0.9948453608247424,1.0,0.9974160206718348,0.9974160206718348,0.0049965226794232,0.0221967061360675,0.8082901554404145,3.779579076379491,5.379802945004485,
snr,8.0,4,nano_ext[gmm],194,7.472206966322449,4.0,194,193,193,0.9948453608247424,1.0,0.9974160206718348,0.9974160206718348,0.0129045239548561,0.0246773369671623,0.7875647668393783,3.684305066808946,14.224400478000462,
snr,8.0,4,threshold,194,7.472206966322449,4.0,194,194,194,1.0,1.0,1.0,1.0,0.0141495091121523,0.0209918406256132,,,0.0574152440021862,
snr,8.0,4,pelt,194,7.472206966322449,4.0,194,200,194,1.0,0.97,0.9847715736040608,0.9847715736040608,0.002139719553229,0.0264231639723293,0.8092783505154639,2.9823222002858807,10.888750265003182,
snr,15.0,0,nano_ext[dpgmm],177,3.980037495312009,4.0,177,175,175,0.9887005649717514,1.0,0.994318181818182,0.994318181818182,0.0152055406593521,0.0226664861043294,0.8114285714285714,2.830453559421464,5.181876155002101,
snr,15.0,0,nano_ext[gmm],177,3.980037495312009,4.0,177,269,175,0.9887005649717514,0.6505576208178439,0.7847533632286996,0.7847533632286996,0.0502601577280527,0.0554700215657551,0.7771428571428571,3.5484210550440487,14.203012784004386,
snr,15.0,0,threshold,177,3.980037495312009,4.0,177,177,177,1.0,1.0,1.0,1.0,0.0186042363883545,0.0168051814145794,,,0.0586017499954323,
snr,15.0,0,pelt,177,3.980037495312009,4.0,177,182,177,1.0,0.9725274725274724,0.9860724233983288,0.9860724233983288,0.0058632214823146,0.0149859340041744,0.03954802259887,2.70389563716833,10.63799083699996,
snr,15.0,1,nano_ext[dpgmm],186,3.972265914954196,4.0,186,186,186,1.0,1.0,1.0,1.0,0.0138703301686286,0.0214942905873044,0.8225806451612904,2.2146318157112432,5.237553870996635,
snr,15.0,1,nano_ext[gmm],186,3.972265914954196,4.0,186,186,186,1.0,1.0,1.0,1.0,0.016710143010839,0.021832784016927,0.7419354838709677,3.7349402584041513,14.894791173006524,
snr,15.0,1,threshold,186,3.972265914954196,4.0,186,186,186,1.0,1.0,1.0,1.0,0.0160112526525606,0.0126729204245703,,,0.0513076990027911,
snr,15.0,1,pelt,186,3.972265914954196,4.0,186,189,186,1.0,0.984126984126984,0.992,0.992,0.0051464583655406,0.0117885342196224,0.043010752688172,3.168657407570663,11.31278229700547,
snr,15.0,2,nano_ext[dpgmm],211,3.980093449338708,4.0,211,211,211,1.0,1.0,1.0,1.0,0.0183933786392255,0.0240226745605468,0.8293838862559242,2.6191835240663157,5.655240698004491,
snr,15.0,2,nano_ext[gmm],211,3.980093449338708,4.0,211,211,211,1.0,1.0,1.0,1.0,0.0183933786392255,0.0240226745605468,0.7772511848341233,4.116462796410758,15.46806402799848,
snr,15.0,2,threshold,211,3.980093449338708,4.0,211,211,211,1.0,1.0,1.0,1.0,0.0161497859254476,0.0141736725230276,,,0.0610670690002734,
snr,15.0,2,pelt,211,3.980093449338708,4.0,211,217,211,1.0,0.9723502304147466,0.985981308411215,0.985981308411215,0.0057162724599571,0.0135529076950564,0.0663507109004739,1.820713803279972,11.41347378199862,
snr,15.0,3,nano_ext[dpgmm],186,3.982294773878956,4.0,186,186,186,1.0,1.0,1.0,1.0,0.012876929935498,0.0192541236441794,0.8064516129032258,3.247582058746312,5.781421195002622,
snr,15.0,3,nano_ext[gmm],186,3.982294773878956,4.0,186,186,186,1.0,1.0,1.0,1.0,0.0151742858557653,0.0211710131173676,0.7473118279569892,3.247582058746312,14.326019174004614,
snr,15.0,3,threshold,186,3.982294773878956,4.0,186,186,186,1.0,1.0,1.0,1.0,0.0164650889698922,0.0146753420533543,,,0.0606524889954016,
snr,15.0,3,pelt,186,3.982294773878956,4.0,186,190,186,1.0,0.9789473684210528,0.9893617021276596,0.9893617021276596,0.005850369684273,0.0143500232351213,0.0268817204301075,2.4538429829190638,10.868968389993825,
snr,15.0,4,nano_ext[dpgmm],194,3.9851770487053058,4.0,194,193,193,0.9948453608247424,1.0,0.9974160206718348,0.9974160206718348,0.0143985213543183,0.0207150777180989,0.8290155440414507,2.885328170165735,5.191137817004346,
snr,15.0,4,nano_ext[gmm],194,3.9851770487053058,4.0,194,193,193,0.9948453608247424,1.0,0.9974160206718348,0.9974160206718348,0.0182520282629069,0.022348403930664,0.7927461139896373,4.443327505487815,15.283508414999233,
snr,15.0,4,threshold,194,3.9851770487053058,4.0,194,194,194,1.0,1.0,1.0,1.0,0.0179847794580577,0.0131146007047934,,,0.0584000470043974,
snr,15.0,4,pelt,194,3.9851770487053058,4.0,194,199,194,1.0,0.9748743718592964,0.9872773536895676,0.9872773536895676,0.0058908273273494,0.012548407061571,0.056701030927835,1.548899398962078,10.698072310005957,
dwell,1e-05,0,nano_ext[dpgmm],187,7.462570303710018,4.0,187,0,0,0.0,0.0,0.0,0.0,,,,,3.277617289997579,
dwell,1e-05,0,nano_ext[gmm],187,7.462570303710018,4.0,187,0,0,0.0,0.0,0.0,0.0,,,,,9.778823095999542,
dwell,1e-05,0,threshold,187,7.462570303710018,4.0,187,81,32,0.1711229946524064,0.3950617283950617,0.2388059701492537,0.5970149253731344,0.6700941442553102,0.4067333510518074,,,0.0535220660021877,
dwell,1e-05,0,pelt,187,7.462570303710018,4.0,187,108,74,0.3957219251336898,0.6851851851851852,0.5016949152542373,0.6372881355932203,0.3224744327485716,0.2827303001781304,0.5675675675675675,,10.42132062699966,
dwell,1e-05,1,nano_ext[dpgmm],194,7.447998590539117,4.0,194,0,0,0.0,0.0,0.0,0.0,,,,,3.250982053999905,
dwell,1e-05,1,nano_ext[gmm],194,7.447998590539117,4.0,194,0,0,0.0,0.0,0.0,0.0,,,,,10.04722346800554,
dwell,1e-05,1,threshold,194,7.447998590539117,4.0,194,108,37,0.190721649484536,0.3425925925925926,0.2450331125827815,0.7152317880794702,0.7299345828511795,0.4006297705901994,,,0.0538699710014043,
dwell,1e-05,1,pelt,194,7.447998590539117,4.0,194,115,84,0.4329896907216495,0.7304347826086957,0.5436893203883495,0.7055016181229773,0.420341716409804,0.3039743820671944,0.6309523809523809,,10.14643191399955,
dwell,1e-05,2,nano_ext[dpgmm],223,7.462675217510077,4.0,223,0,0,0.0,0.0,0.0,0.0,,,,,3.2682241549991886,
dwell,1e-05,2,nano_ext[gmm],223,7.462675217510077,4.0,223,0,0,0.0,0.0,0.0,0.0,,,,,10.078788066995912,
dwell,1e-05,2,threshold,223,7.462675217510077,4.0,223,108,54,0.242152466367713,0.5,0.3262839879154078,0.6525679758308157,0.6751172522510225,0.389998934528342,,,0.0701954649994149,
dwell,1e-05,2,pelt,223,7.462675217510077,4.0,223,127,95,0.4260089686098655,0.7480314960629921,0.5428571428571428,0.64,0.3241714390326198,0.3119252522786458,0.6105263157894737,,10.180928009998752,
dwell,1e-05,3,nano_ext[dpgmm],201,7.466802701023043,4.0,201,0,0,0.0,0.0,0.0,0.0,,,,,3.142576853002538,
dwell,1e-05,3,nano_ext[gmm],201,7.466802701023043,4.0,201,0,0,0.0,0.0,0.0,0.0,,,,,10.315657260995067,
dwell,1e-05,3,threshold,201,7.466802701023043,4.0,201,98,42,0.208955223880597,0.4285714285714285,0.2809364548494983,0.6555183946488294,0.6100532499302768,0.3661188069731042,,,0.0611434810052742,
dwell,1e-05,3,pelt,201,7.466802701023043,4.0,201,117,85,0.4228855721393035,0.7264957264957265,0.5345911949685535,0.6477987421383647,0.2914514528290741,0.2764223098754882,0.6235294117647059,,10.430760786002793,
dwell,1e-05,4,nano_ext[dpgmm],206,7.472206966322449,4.0,206,0,0,0.0,0.0,0.0,0.0,,,,,4.313611040997785,
dwell,1e-05,4,nano_ext[gmm],206,7.472206966322449,4.0,206,0,0,0.0,0.0,0.0,0.0,,,,,9.74320179100323,
dwell,1e-05,4,threshold,206,7.472206966322449,4.0,206,89,33,0.1601941747572815,0.3707865168539326,0.223728813559322,0.6033898305084745,0.6612910379070676,0.3665606147386193,,,0.0499606500015943,
dwell,1e-05,4,pelt,206,7.472206966322449,4.0,206,104,78,0.3786407766990291,0.75,0.5032258064516129,0.6322580645161291,0.3634095060959086,0.2875934824743057,0.5512820512820513,,9.316231549993972,
dwell,3e-05,0,nano_ext[dpgmm],187,7.462570303710018,4.0,187,0,0,0.0,0.0,0.0,0.0,,,,,4.345538030000171,
dwell,3e-05,0,nano_ext[gmm],187,7.462570303710018,4.0,187,46,0,0.0,0.0,0.0,0.0429184549356223,,,,,10.484718733998308,
dwell,3e-05,0,threshold,187,7.462570303710018,4.0,187,183,150,0.8021390374331551,0.819672131147541,0.8108108108108109,0.9837837837837836,0.372415326826424,0.2674727790132022,,,0.0725142629962647,
dwell,3e-05,0,pelt,187,7.462570303710018,4.0,187,197,178,0.9518716577540108,0.9035532994923858,0.9270833333333334,0.953125,0.086004030626431,0.1269763953313625,0.5168539325842697,10.108126504704272,9.52452780999738,
dwell,3e-05,1,nano_ext[dpgmm],194,7.447998590539117,4.0,194,0,0,0.0,0.0,0.0,0.0,,,,,4.068847297996399,
dwell,3e-05,1,nano_ext[gmm],194,7.447998590539117,4.0,194,0,0,0.0,0.0,0.0,0.0,,,,,10.10878814800526,
dwell,3e-05,1,threshold,194,7.447998590539117,4.0,194,186,152,0.7835051546391752,0.8172043010752689,0.8,0.9789473684210526,0.4081988846214524,0.2662214487025674,,,0.0532210689998464,
dwell,3e-05,1,pelt,194,7.447998590539117,4.0,194,195,184,0.9484536082474226,0.9435897435897436,0.9460154241645244,0.9665809768637532,0.0780142219263565,0.1291340464637393,0.5543478260869565,3.898979010374948,9.129890226002315,
dwell,3e-05,2,nano_ext[dpgmm],223,7.462675217510077,4.0,223,0,0,0.0,0.0,0.0,0.0,,,,,2.985652389994357,
dwell,3e-05,2,nano_ext[gmm],223,7.462675217510077,4.0,223,1,0,0.0,0.0,0.0,0.0,,,,,9.10256739200122,
dwell,3e-05,2,threshold,223,7.462675217510077,4.0,223,213,174,0.7802690582959642,0.8169014084507042,0.7981651376146789,0.9770642201834864,0.3978910607090957,0.2785854968695098,,,0.0532651079993229,
dwell,3e-05,2,pelt,223,7.462675217510077,4.0,223,231,208,0.9327354260089686,0.9004329004329005,0.9162995594713657,0.9515418502202644,0.0829455078117797,0.1233395192462685,0.6105769230769231,6.87157005641037,8.213536636001663,
dwell,3e-05,3,nano_ext[dpgmm],201,7.466802701023043,4.0,201,0,0,0.0,0.0,0.0,0.0,,,,,3.0550798420008505,
dwell,3e-05,3,nano_ext[gmm],201,7.466802701023043,4.0,201,918,0,0.0,0.0,0.0,0.0768543342269883,,,,,10.017646934997174,
dwell,3e-05,3,threshold,201,7.466802701023043,4.0,201,195,157,0.7810945273631841,0.8051282051282052,0.792929292929293,0.9848484848484848,0.3511679972104589,0.2559669891295887,,,0.0591998439995222,
dwell,3e-05,3,pelt,201,7.466802701023043,4.0,201,210,193,0.9601990049751244,0.919047619047619,0.9391727493917272,0.9586374695863747,0.0740051864901805,0.1211044129871186,0.5647668393782384,3.140322354378,9.013514885002223,
dwell,3e-05,4,nano_ext[dpgmm],206,7.472206966322449,4.0,206,0,0,0.0,0.0,0.0,0.0,,,,,2.923675643003662,
dwell,3e-05,4,nano_ext[gmm],206,7.472206966322449,4.0,206,58,0,0.0,0.0,0.0,0.0454545454545454,,,,,9.706660859999827,
dwell,3e-05,4,threshold,206,7.472206966322449,4.0,206,197,166,0.8058252427184466,0.8426395939086294,0.8238213399503721,0.977667493796526,0.3844297434560995,0.2610172035961406,,,0.053556890998152,
dwell,3e-05,4,pelt,206,7.472206966322449,4.0,206,205,195,0.9466019417475728,0.951219512195122,0.9489051094890512,0.9683698296836984,0.0704871315176534,0.119006053304368,0.5538461538461539,3.6967868383697136,8.378492527001072,
dwell,0.0001,0,nano_ext[dpgmm],186,7.462570303710018,4.0,186,9,9,0.0483870967741935,1.0,0.0923076923076923,0.0923076923076923,0.0099352877114503,0.0825250001995109,0.4444444444444444,,2.978351142002793,
dwell,0.0001,0,nano_ext[gmm],186,7.462570303710018,4.0,186,9,9,0.0483870967741935,1.0,0.0923076923076923,0.0923076923076923,0.009072238987102,0.0825250001995109,0.4444444444444444,,9.074888787996317,
dwell,0.0001,0,threshold,186,7.462570303710018,4.0,186,186,184,0.989247311827957,0.989247311827957,0.989247311827957,0.9946236559139784,0.1506378789330394,0.1153936323630394,,,0.0533564619981916,
dwell,0.0001,0,pelt,186,7.462570303710018,4.0,186,199,185,0.9946236559139784,0.9296482412060302,0.9610389610389612,0.9610389610389612,0.0237390150804763,0.0487949273309847,0.7837837837837838,2.7604125387714618,9.870447773995693,
dwell,0.0001,1,nano_ext[dpgmm],192,7.447998590539117,4.0,192,10,10,0.0520833333333333,1.0,0.099009900990099,0.099009900990099,0.0288355958779692,0.0446645100911458,0.7,,3.0761679349961923,
dwell,0.0001,1,nano_ext[gmm],192,7.447998590539117,4.0,192,10,10,0.0520833333333333,1.0,0.099009900990099,0.099009900990099,0.0288355958779692,0.0482772191365559,0.7,,9.222003678994952,
dwell,0.0001,1,threshold,192,7.447998590539117,4.0,192,192,190,0.9895833333333334,0.9895833333333334,0.9895833333333334,1.0,0.1383480799948869,0.1090817595833548,,,0.0654470500012394,
dwell,0.0001,1,pelt,192,7.447998590539117,4.0,192,201,192,1.0,0.9552238805970148,0.9770992366412212,0.9770992366412212,0.0223744436691815,0.0461768215693656,0.8125,3.179212627907324,9.384429798999918,
dwell,0.0001,2,nano_ext[dpgmm],222,7.462675217510077,4.0,222,14,14,0.063063063063063,1.0,0.1186440677966101,0.1186440677966101,0.027481981149385,0.0844535191853841,0.7142857142857143,,2.9320365409948863,
dwell,0.0001,2,nano_ext[gmm],222,7.462675217510077,4.0,222,14,14,0.063063063063063,1.0,0.1186440677966101,0.1186440677966101,0.027481981149385,0.0844535191853841,0.7142857142857143,,8.935959579001064,
dwell,0.0001,2,threshold,222,7.462675217510077,4.0,222,222,219,0.9864864864864864,0.9864864864864864,0.9864864864864864,1.0,0.141623876841732,0.100110911813468,,,0.0759212580014718,
dwell,0.0001,2,pelt,222,7.462675217510077,4.0,222,235,222,1.0,0.9446808510638298,0.9715536105032824,0.9715536105032824,0.0275421074629237,0.0467359471605759,0.7837837837837838,2.6550044344153534,8.752235248000943,
dwell,0.0001,3,nano_ext[dpgmm],201,7.466802701023043,4.0,201,9,9,0.044776119402985,1.0,0.0857142857142857,0.0857142857142857,0.0098119387248037,0.0753046035766601,0.5555555555555556,,2.9538356499979272,
dwell,0.0001,3,nano_ext[gmm],201,7.466802701023043,4.0,201,9,9,0.044776119402985,1.0,0.0857142857142857,0.0857142857142857,0.0098119387248037,0.0753046035766601,0.5555555555555556,,9.670904520004116,
dwell,0.0001,3,threshold,201,7.466802701023043,4.0,201,201,200,0.9950248756218906,0.9950248756218906,0.9950248756218906,1.0,0.1314705703827361,0.0951045574241121,,,0.0535191099988878,
dwell,0.0001,3,pelt,201,7.466802701023043,4.0,201,214,201,1.0,0.9392523364485982,0.9686746987951808,0.9686746987951808,0.01723080797143,0.0494447580973307,0.8109452736318408,3.925550889238849,8.837750033999328,
dwell,0.0001,4,nano_ext[dpgmm],206,7.472206966322449,4.0,206,12,12,0.058252427184466,1.0,0.110091743119266,0.110091743119266,0.0220104472813178,0.0358615916227242,0.4166666666666667,,2.9986160960033885,
dwell,0.0001,4,nano_ext[gmm],206,7.472206966322449,4.0,206,13,13,0.0631067961165048,1.0,0.1187214611872146,0.1187214611872146,0.0317843524977332,0.0364890853789113,0.3846153846153846,,9.532900156002142,
dwell,0.0001,4,threshold,206,7.472206966322449,4.0,206,206,204,0.9902912621359224,0.9902912621359224,0.9902912621359224,1.0,0.1294269520139944,0.1089012301668332,,,0.0675213759968755,
dwell,0.0001,4,pelt,206,7.472206966322449,4.0,206,211,206,1.0,0.976303317535545,0.988009592326139,0.988009592326139,0.021804506781893,0.050085908165401,0.8058252427184466,3.525990246000532,9.189704600998084,
dwell,0.0003,0,nano_ext[dpgmm],184,7.462570303710018,4.0,184,128,128,0.6956521739130435,1.0,0.8205128205128205,0.8205128205128205,0.0124269728014142,0.0347154801990411,0.46875,,3.123019065002154,
dwell,0.0003,0,nano_ext[gmm],184,7.462570303710018,4.0,184,128,128,0.6956521739130435,1.0,0.8205128205128205,0.8205128205128205,0.0125023907846696,0.0347154801990411,0.484375,7.936510738604241,8.878110136996838,
dwell,0.0003,0,threshold,184,7.462570303710018,4.0,184,184,184,1.0,1.0,1.0,1.0,0.0472170060525035,0.0368326208511045,,,0.0594612870045239,
dwell,0.0003,0,pelt,184,7.462570303710018,4.0,184,194,184,1.0,0.9484536082474226,0.9735449735449736,0.9735449735449736,0.0063494437665198,0.0389649807385667,0.8967391304347826,4.134325794324933,9.392745794000804,
dwell,0.0003,1,nano_ext[dpgmm],191,7.447998590539117,4.0,191,147,147,0.7696335078534031,1.0,0.8698224852071006,0.8698224852071006,0.0150549476586915,0.0385619481404621,0.5374149659863946,7.599585414075349,3.4136910809975234,
dwell,0.0003,1,nano_ext[gmm],191,7.447998590539117,4.0,191,147,147,0.7696335078534031,1.0,0.8698224852071006,0.8698224852071006,0.0147661094604986,0.0385619481404621,0.54421768707483,4.097671083336252,8.576816615997814,
dwell,0.0003,1,threshold,191,7.447998590539117,4.0,191,191,191,1.0,1.0,1.0,1.0,0.0474182275191916,0.0340880626616095,,,0.0543411789985839,
dwell,0.0003,1,pelt,191,7.447998590539117,4.0,191,198,191,1.0,0.9646464646464646,0.9820051413881749,0.9820051413881749,0.0083000970873491,0.030761857466264,0.8638743455497382,3.838838309899728,9.1360343310007,
dwell,0.0003,2,nano_ext[dpgmm],221,7.462675217510077,4.0,221,155,155,0.7013574660633484,1.0,0.8244680851063829,0.8244680851063829,0.0148753342812176,0.0414639641023194,0.6129032258064516,1.3183199647492927,3.606567704999179,
dwell,0.0003,2,nano_ext[gmm],221,7.462675217510077,4.0,221,155,155,0.7013574660633484,1.0,0.8244680851063829,0.8244680851063829,0.0148753342812176,0.0414639641023194,0.6129032258064516,148.09614025801386,8.147822381004517,
dwell,0.0003,2,threshold,221,7.462675217510077,4.0,221,221,221,1.0,1.0,1.0,1.0,0.0507260357013362,0.0379786812950008,,,0.0655893679941073,
dwell,0.0003,2,pelt,221,7.462675217510077,4.0,221,234,221,1.0,0.9444444444444444,0.9714285714285714,0.9714285714285714,0.0068843537047498,0.0368899546667888,0.9140271493212668,3.357473884690876,8.735518058994785,
dwell,0.0003,3,nano_ext[dpgmm],195,7.466802701023043,4.0,195,145,145,0.7435897435897436,1.0,0.8529411764705882,0.8529411764705882,0.0190735313701359,0.0375883738199869,0.5655172413793104,4.474784011054833,3.406354733997432,
dwell,0.0003,3,nano_ext[gmm],195,7.466802701023043,4.0,195,145,145,0.7435897435897436,1.0,0.8529411764705882,0.8529411764705882,0.0190735313701359,0.0375883738199869,0.5793103448275863,4.474784011054833,8.220089676004136,
dwell,0.0003,3,threshold,195,7.466802701023043,4.0,195,195,195,1.0,1.0,1.0,1.0,0.0497413635128967,0.039355613477141,,,0.0741927230046712,
dwell,0.0003,3,pelt,195,7.466802701023043,4.0,195,206,195,1.0,0.9466019417475728,0.972568578553616,0.972568578553616,0.0082828454069032,0.0345736441484357,0.9128205128205128,3.2058637812193425,8.627014432997385,
dwell,0.0003,4,nano_ext[dpgmm],205,7.472206966322449,4.0,205,154,154,0.751219512195122,1.0,0.8579387186629527,0.8579387186629527,0.0149953820047563,0.0369551970766726,0.474025974025974,0.5444860899928017,3.136501415996463,
dwell,0.0003,4,nano_ext[gmm],205,7.472206966322449,4.0,205,154,154,0.751219512195122,1.0,0.8579387186629527,0.8579387186629527,0.014739552993226,0.037164145294589,0.4805194805194805,6.591419162926826,7.784956069997861,
dwell,0.0003,4,threshold,205,7.472206966322449,4.0,205,205,205,1.0,1.0,1.0,1.0,0.0467546356386265,0.0389053859929929,,,0.0543222240012255,
dwell,0.0003,4,pelt,205,7.472206966322449,4.0,205,208,205,1.0,0.9855769230769232,0.9927360774818402,0.9927360774818402,0.0074392213115337,0.0362571359009124,0.9121951219512195,2.8451128927242664,8.958897246004199,
dwell,0.001,0,nano_ext[dpgmm],177,7.462570303710018,4.0,177,175,175,0.9887005649717514,1.0,0.994318181818182,0.994318181818182,0.0046973820369213,0.0273805376515096,0.7771428571428571,5.040917347098883,4.905690619001689,
dwell,0.001,0,nano_ext[gmm],177,7.462570303710018,4.0,177,175,175,0.9887005649717514,1.0,0.994318181818182,0.994318181818182,0.0061228620033503,0.0278299285090839,0.76,5.510873215541778,12.71688388500479,
dwell,0.001,0,threshold,177,7.462570303710018,4.0,177,177,177,1.0,1.0,1.0,1.0,0.0155554673972248,0.0280262586926823,,,0.0548657090039341,
dwell,0.001,0,pelt,177,7.462570303710018,4.0,177,182,177,1.0,0.9725274725274724,0.9860724233983288,0.9860724233983288,0.0021607605529619,0.0350758012541024,0.8418079096045198,3.8976830145642793,10.242548501999408,
dwell,0.001,1,nano_ext[dpgmm],186,7.447998590539117,4.0,186,186,186,1.0,1.0,1.0,1.0,0.0050462604053232,0.0226678195227723,0.7849462365591398,2.950270738488747,5.365230649003934,
dwell,0.001,1,nano_ext[gmm],186,7.447998590539117,4.0,186,186,186,1.0,1.0,1.0,1.0,0.0161545874847155,0.0276174617933681,0.7473118279569892,6.276966114493465,13.493460493002203,
dwell,0.001,1,threshold,186,7.447998590539117,4.0,186,186,186,1.0,1.0,1.0,1.0,0.0123046997970019,0.0220185171671052,,,0.0580941699954564,
dwell,0.001,1,pelt,186,7.447998590539117,4.0,186,189,186,1.0,0.984126984126984,0.992,0.992,0.0023471909243934,0.0247512218611498,0.8709677419354839,3.31041738999005,10.48741100400366,
dwell,0.001,2,nano_ext[dpgmm],211,7.462675217510077,4.0,211,211,211,1.0,1.0,1.0,1.0,0.0054064500436915,0.0261060510516809,0.8056872037914692,3.720857539579736,5.605076885003655,
dwell,0.001,2,nano_ext[gmm],211,7.462675217510077,4.0,211,211,211,1.0,1.0,1.0,1.0,0.0063663275636199,0.0264663696289062,0.7819905213270142,4.534729410643479,13.596750903998329,
dwell,0.001,2,threshold,211,7.462675217510077,4.0,211,211,211,1.0,1.0,1.0,1.0,0.0129447402256018,0.0239456736432005,,,0.0494577190038398,
dwell,0.001,2,pelt,211,7.462675217510077,4.0,211,217,211,1.0,0.9723502304147466,0.985981308411215,0.985981308411215,0.0023337283514355,0.0280397630556056,0.8199052132701422,2.5900746102314187,9.78431506499328,
dwell,0.001,3,nano_ext[dpgmm],186,7.466802701023043,4.0,186,186,186,1.0,1.0,1.0,1.0,0.0055654537331856,0.025229263305664,0.7580645161290323,6.484450008947817,5.592538304998016,
dwell,0.001,3,nano_ext[gmm],186,7.466802701023043,4.0,186,186,186,1.0,1.0,1.0,1.0,0.0126453842576535,0.0278142236486577,0.7311827956989247,6.688631623896768,13.658144712004288,
dwell,0.001,3,threshold,186,7.466802701023043,4.0,186,187,186,1.0,0.9946524064171124,0.9973190348525468,0.9973190348525468,0.0134139303189145,0.0250919225914021,,,0.0537715589962317,
dwell,0.001,3,pelt,186,7.466802701023043,4.0,186,190,186,1.0,0.9789473684210528,0.9893617021276596,0.9893617021276596,0.0026412862256399,0.0315745765577638,0.8225806451612904,3.106730750879194,10.376601564006704,
dwell,0.001,4,nano_ext[dpgmm],194,7.472206966322449,4.0,194,193,193,0.9948453608247424,1.0,0.9974160206718348,0.9974160206718348,0.0049965226794232,0.0221967061360675,0.8082901554404145,3.779579076379491,5.611950587001047,
dwell,0.001,4,nano_ext[gmm],194,7.472206966322449,4.0,194,193,193,0.9948453608247424,1.0,0.9974160206718348,0.9974160206718348,0.0129045239548561,0.0246773369671623,0.7875647668393783,3.684305066808946,13.50982827500411,
dwell,0.001,4,threshold,194,7.472206966322449,4.0,194,194,194,1.0,1.0,1.0,1.0,0.0141495091121523,0.0209918406256132,,,0.0601392629978363,
dwell,0.001,4,pelt,194,7.472206966322449,4.0,194,200,194,1.0,0.97,0.9847715736040608,0.9847715736040608,0.002139719553229,0.0264231639723293,0.8092783505154639,2.9823222002858807,9.291971708000348,
dwell,0.01,0,nano_ext[dpgmm],82,7.4576879508773795,6.0,82,82,82,1.0,1.0,1.0,1.0,0.0006151406771146,0.0172517913707555,1.0,3.1220788393460097,12.023770175001118,
dwell,0.01,0,nano_ext[gmm],82,7.4576879508773795,6.0,82,82,82,1.0,1.0,1.0,1.0,0.0005987258679443,0.0172517913707555,0.8536585365853658,3.287850223188116,15.968097035001849,
dwell,0.01,0,threshold,82,7.4576879508773795,6.0,82,83,82,1.0,0.9879518072289156,0.993939393939394,0.993939393939394,0.0013624761982475,0.0292694509189634,,,0.0945890930015593,
dwell,0.01,0,pelt,82,7.4576879508773795,6.0,82,83,82,1.0,0.9879518072289156,0.993939393939394,0.993939393939394,0.0002431387174074,0.0305424854505991,0.6097560975609756,1.9890399293176488,33.520254350994946,
dwell,0.01,1,nano_ext[dpgmm],95,7.45437283616374,6.0,95,96,95,1.0,0.9895833333333334,0.9947643979057592,0.9947643979057592,0.0005128687964105,0.0188687642415364,1.0,4.525523376153195,14.203094380005496,
dwell,0.01,1,nano_ext[gmm],95,7.45437283616374,6.0,95,95,95,1.0,1.0,1.0,1.0,0.001310814601825,0.0187477111816406,0.8947368421052632,4.758533893811645,16.836440720995597,
dwell,0.01,1,threshold,95,7.45437283616374,6.0,95,97,95,1.0,0.979381443298969,0.9895833333333331,0.9895833333333331,0.0010630499657807,0.0289648867288801,,,0.0763364669983275,
dwell,0.01,1,pelt,95,7.45437283616374,6.0,95,96,95,1.0,0.9895833333333334,0.9947643979057592,0.9947643979057592,0.0002377103371017,0.0295318356929782,0.5578947368421052,2.6560923914731305,34.50044401100604,
dwell,0.01,2,nano_ext[dpgmm],108,7.467664014268176,6.0,108,109,108,1.0,0.9908256880733946,0.9953917050691244,0.9953917050691244,0.0006083270593714,0.0198419225424359,1.0,4.715594786652844,15.399817794997944,
dwell,0.01,2,nano_ext[gmm],108,7.467664014268176,6.0,108,109,108,1.0,0.9908256880733946,0.9953917050691244,0.9953917050691244,0.0006264672797203,0.0198419225424359,0.8981481481481481,4.734840987286049,17.99558831500326,
dwell,0.01,2,threshold,108,7.467664014268176,6.0,108,112,108,1.0,0.9642857142857144,0.9818181818181818,0.9818181818181818,0.0011109641293319,0.025147585212978,,,0.0780238949955673,
dwell,0.01,2,pelt,108,7.467664014268176,6.0,108,108,108,1.0,1.0,1.0,1.0,0.0002140665091248,0.025108730537144,0.7129629629629629,3.8631796894783577,42.520999792999646,
dwell,0.01,3,nano_ext[dpgmm],82,7.472359669312824,6.0,82,82,82,1.0,1.0,1.0,1.0,0.0003752552791305,0.0239391009012858,1.0,3.9512301338168183,12.015725468998426,
dwell,0.01,3,nano_ext[gmm],82,7.472359669312824,6.0,82,82,82,1.0,1.0,1.0,1.0,0.0003752552791305,0.0239391009012858,0.9146341463414634,3.604468956752704,15.450681269998311,
dwell,0.01,3,threshold,82,7.472359669312824,6.0,82,87,82,1.0,0.942528735632184,0.970414201183432,0.970414201183432,0.0011522369179903,0.0232082706565096,,,0.0742313599985209,
dwell,0.01,3,pelt,82,7.472359669312824,6.0,82,82,82,1.0,1.0,1.0,1.0,0.0002103911197449,0.0204938784092246,0.5853658536585366,3.016371905140147,38.554619201000605,
dwell,0.01,4,nano_ext[dpgmm],100,7.461986451202003,6.0,100,101,100,1.0,0.99009900990099,0.9950248756218906,0.9950248756218906,0.0005156329977632,0.0228408813476562,1.0,4.595342208091324,15.123999046998506,
dwell,0.01,4,nano_ext[gmm],100,7.461986451202003,6.0,100,100,100,1.0,1.0,1.0,1.0,0.0010772891077793,0.0222103796377426,0.89,4.90910242678666,18.344241376995345,
dwell,0.01,4,threshold,100,7.461986451202003,6.0,100,106,100,1.0,0.9433962264150944,0.970873786407767,0.970873786407767,0.0010775253503628,0.0216018962623384,,,0.2438439710022066,
dwell,0.01,4,pelt,100,7.461986451202003,6.0,100,100,100,1.0,1.0,1.0,1.0,0.0002139986358474,0.0200728349482947,0.63,3.153076362671925,43.73641719599982,
dwell,0.1,0,nano_ext[dpgmm],43,7.462448966719287,30.0,43,45,43,1.0,0.9555555555555556,0.9772727272727272,0.9772727272727272,6.829925805093363e-05,0.0185472698665652,0.9767441860465116,7.242210553926043,27.97826673000236,
dwell,0.1,0,nano_ext[gmm],43,7.462448966719287,30.0,43,43,43,1.0,1.0,1.0,1.0,0.0001262717420082,0.0185175734126185,1.0,7.228779562495902,32.60374848000356,
dwell,0.1,0,threshold,43,7.462448966719287,30.0,43,62,43,1.0,0.6935483870967742,0.8190476190476191,0.8190476190476191,0.000185755954845,0.0258290152430396,,,1.557713189999049,
dwell,0.1,0,pelt,43,7.462448966719287,30.0,43,45,43,1.0,0.9555555555555556,0.9772727272727272,0.9772727272727272,1.6452524555234188e-05,0.0171626008952312,0.0232558139534883,11.21534856807216,297.9458950959961,
dwell,0.1,1,nano_ext[dpgmm],48,7.467412482635013,30.0,48,50,48,1.0,0.96,0.979591836734694,0.979591836734694,5.933903479818362e-05,0.0137874661026565,1.0,4.574807242363477,33.6647365960016,
dwell,0.1,1,nano_ext[gmm],48,7.467412482635013,30.0,48,50,48,1.0,0.96,0.979591836734694,0.979591836734694,5.490210720718842e-05,0.0137874661026565,1.0,4.574807242363477,34.95359847500367,
dwell,0.1,1,threshold,48,7.467412482635013,30.0,48,70,47,0.9791666666666666,0.6714285714285714,0.7966101694915253,0.8135593220338984,0.0001543023141592,0.031693640023916,,,1.6762420800005202,
dwell,0.1,1,pelt,48,7.467412482635013,30.0,48,48,48,1.0,1.0,1.0,1.0,1.9402773270978507e-05,0.0273848127570785,0.0208333333333333,7.559124512113158,342.071133626996,
dwell,0.1,2,nano_ext[dpgmm],50,7.465337876025987,30.0,50,51,50,1.0,0.9803921568627452,0.99009900990099,0.99009900990099,5.10041967337919e-05,0.0131118138631185,1.0,3.2649058745448656,34.96885195700452,
dwell,0.1,2,nano_ext[gmm],50,7.465337876025987,30.0,50,51,50,1.0,0.9803921568627452,0.99009900990099,0.99009900990099,5.10041967337919e-05,0.0131118138631185,0.98,4.334978496167707,35.94257283800107,
dwell,0.1,2,threshold,50,7.465337876025987,30.0,50,70,49,0.98,0.7,0.8166666666666667,0.8333333333333333,0.0001344819878645,0.0267961310761155,,,1.5779224260040792,
dwell,0.1,2,pelt,50,7.465337876025987,30.0,50,52,50,1.0,0.9615384615384616,0.9803921568627452,0.9803921568627452,2.3617915638632733e-05,0.0198908453050359,0.06,0.3477697987364081,328.73401549999835,
dwell,0.1,3,nano_ext[dpgmm],43,7.468955500011948,30.0,43,44,43,1.0,0.9772727272727272,0.9885057471264368,0.9885057471264368,6.359398258199584e-05,0.0117893854777018,0.9767441860465116,5.404243793805108,29.773342356995272,
dwell,0.1,3,nano_ext[gmm],43,7.468955500011948,30.0,43,43,43,1.0,1.0,1.0,1.0,6.300613099289394e-05,0.0117893854777018,1.0,5.779777069392367,32.561697363998974,
dwell,0.1,3,threshold,43,7.468955500011948,30.0,43,63,42,0.9767441860465116,0.6666666666666666,0.7924528301886793,0.8113207547169812,0.0002262330175055,0.0311823508304733,,,1.3352070939945406,
dwell,0.1,3,pelt,43,7.468955500011948,30.0,43,44,43,1.0,0.9772727272727272,0.9885057471264368,0.9885057471264368,1.772714339899655e-05,0.028996216449201,0.0465116279069767,,314.38699499500217,
dwell,0.1,4,nano_ext[dpgmm],47,7.459153384842418,30.0,47,49,47,1.0,0.9591836734693877,0.9791666666666666,0.9791666666666666,5.1409805369291997e-05,0.01315718401910244,1.0,4.3725400669103465,37.300454974000004,
dwell,0.1,4,nano_ext[gmm],47,7.459153384842418,30.0,47,49,47,1.0,0.9591836734693877,0.9791666666666666,0.9791666666666666,5.3567036896220736e-05,0.01315718401910244,0.9787234042553191,4.317738810044602,36.77270929900001,
dwell,0.1,4,threshold,47,7.459153384842418,30.0,47,67,46,0.9787234042553191,0.6865671641791045,0.807017543859649,0.8245614035087719,0.0001886125677773296,0.028533987086621103,,,1.3933226860000048,
dwell,0.1,4,pelt,47,7.459153384842418,30.0,47,49,47,1.0,0.9591836734693877,0.9791666666666666,0.9791666666666666,2.0965319211807845e-05,0.02113042919408853,0.06382978723404255,2.1685795488224358,422.48334015600005,
