objective,mode,method,axis,value,config,tuning_score,params
f1,per_scenario,autonanopore,dwell,1e-05,2,0.2392,"{""window_size_ms"": 2, ""theta"": 1.5}"
f1,per_scenario,autonanopore,dwell,3e-05,2,0.7436,"{""window_size_ms"": 2, ""theta"": 1.5}"
f1,per_scenario,autonanopore,dwell,0.0001,2,0.9467,"{""window_size_ms"": 2, ""theta"": 1.5}"
f1,per_scenario,autonanopore,dwell,0.0003,2,0.9568,"{""window_size_ms"": 2, ""theta"": 1.5}"
f1,per_scenario,autonanopore,dwell,0.001,4,0.7668,"{""window_size_ms"": 5, ""theta"": 1.0}"
f1,per_scenario,autonanopore,dwell,0.01,11,0.05263,"{""window_size_ms"": 30, ""theta"": 1.5}"
f1,per_scenario,autonanopore,dwell,0.1,0,0,"{""window_size_ms"": 2, ""theta"": 0.5}"
f1,per_scenario,autonanopore,snr,2,0,0.04522,"{""window_size_ms"": 2, ""theta"": 0.5}"
f1,per_scenario,autonanopore,snr,3,3,0.4041,"{""window_size_ms"": 5, ""theta"": 0.5}"
f1,per_scenario,autonanopore,snr,5,3,0.6887,"{""window_size_ms"": 5, ""theta"": 0.5}"
f1,per_scenario,autonanopore,snr,8,4,0.7668,"{""window_size_ms"": 5, ""theta"": 1.0}"
f1,per_scenario,autonanopore,snr,15,4,0.8229,"{""window_size_ms"": 5, ""theta"": 1.0}"
f1,per_scenario,mosaic,dwell,1e-05,0,0,"{""eventThreshold"": 3.0, ""StepSize"": 2.0}"
f1,per_scenario,mosaic,dwell,3e-05,2,0.3115,"{""eventThreshold"": 3.0, ""StepSize"": 5.0}"
f1,per_scenario,mosaic,dwell,0.0001,2,0.9136,"{""eventThreshold"": 3.0, ""StepSize"": 5.0}"
f1,per_scenario,mosaic,dwell,0.0003,2,0.9414,"{""eventThreshold"": 3.0, ""StepSize"": 5.0}"
f1,per_scenario,mosaic,dwell,0.001,2,0.822,"{""eventThreshold"": 3.0, ""StepSize"": 5.0}"
f1,per_scenario,mosaic,dwell,0.01,1,0.7415,"{""eventThreshold"": 3.0, ""StepSize"": 3.0}"
f1,per_scenario,mosaic,dwell,0.1,1,0.05263,"{""eventThreshold"": 3.0, ""StepSize"": 3.0}"
f1,per_scenario,mosaic,snr,2,0,0.005682,"{""eventThreshold"": 3.0, ""StepSize"": 2.0}"
f1,per_scenario,mosaic,snr,3,4,0.005405,"{""eventThreshold"": 4.0, ""StepSize"": 3.0}"
f1,per_scenario,mosaic,snr,5,2,0.2356,"{""eventThreshold"": 3.0, ""StepSize"": 5.0}"
f1,per_scenario,mosaic,snr,8,2,0.822,"{""eventThreshold"": 3.0, ""StepSize"": 5.0}"
f1,per_scenario,mosaic,snr,15,3,0.9972,"{""eventThreshold"": 4.0, ""StepSize"": 2.0}"
f1,per_scenario,nano_ext[dpgmm],dwell,1e-05,5,0.4811,"{""threshold_method"": ""dpgmm"", ""sublevel_method"": ""dpgmm"", ""min_event_duration_sec"": 1e-05, ""filter_cutoff"": 60000.0}"
f1,per_scenario,nano_ext[dpgmm],dwell,3e-05,5,0.9152,"{""threshold_method"": ""dpgmm"", ""sublevel_method"": ""dpgmm"", ""min_event_duration_sec"": 1e-05, ""filter_cutoff"": 60000.0}"
f1,per_scenario,nano_ext[dpgmm],dwell,0.0001,4,0.9973,"{""threshold_method"": ""dpgmm"", ""sublevel_method"": ""dpgmm"", ""min_event_duration_sec"": 1e-05, ""filter_cutoff"": null}"
f1,per_scenario,nano_ext[dpgmm],dwell,0.0003,3,1,"{""threshold_method"": ""dpgmm"", ""sublevel_method"": ""dpgmm"", ""min_event_duration_sec"": 1e-05, ""filter_cutoff"": 10000.0}"
f1,per_scenario,nano_ext[dpgmm],dwell,0.001,1,1,"{""threshold_method"": ""dpgmm"", ""sublevel_method"": ""dpgmm"", ""min_event_duration_sec"": null, ""filter_cutoff"": null}"
f1,per_scenario,nano_ext[dpgmm],dwell,0.01,0,1,"{""threshold_method"": ""dpgmm"", ""sublevel_method"": ""dpgmm"", ""min_event_duration_sec"": null, ""filter_cutoff"": 10000.0}"
f1,per_scenario,nano_ext[dpgmm],dwell,0.1,0,1,"{""threshold_method"": ""dpgmm"", ""sublevel_method"": ""dpgmm"", ""min_event_duration_sec"": null, ""filter_cutoff"": 10000.0}"
f1,per_scenario,nano_ext[dpgmm],snr,2,9,0.09588,"{""threshold_method"": ""dpgmm"", ""sublevel_method"": ""dpgmm"", ""min_event_duration_sec"": 0.0001, ""filter_cutoff"": 10000.0}"
f1,per_scenario,nano_ext[dpgmm],snr,3,9,0.6846,"{""threshold_method"": ""dpgmm"", ""sublevel_method"": ""dpgmm"", ""min_event_duration_sec"": 0.0001, ""filter_cutoff"": 10000.0}"
f1,per_scenario,nano_ext[dpgmm],snr,5,3,1,"{""threshold_method"": ""dpgmm"", ""sublevel_method"": ""dpgmm"", ""min_event_duration_sec"": 1e-05, ""filter_cutoff"": 10000.0}"
f1,per_scenario,nano_ext[dpgmm],snr,8,1,1,"{""threshold_method"": ""dpgmm"", ""sublevel_method"": ""dpgmm"", ""min_event_duration_sec"": null, ""filter_cutoff"": null}"
f1,per_scenario,nano_ext[dpgmm],snr,15,1,1,"{""threshold_method"": ""dpgmm"", ""sublevel_method"": ""dpgmm"", ""min_event_duration_sec"": null, ""filter_cutoff"": null}"
f1,per_scenario,nano_ext[gmm],dwell,1e-05,5,0.4757,"{""threshold_method"": ""gmm"", ""sublevel_method"": ""gmm"", ""min_event_duration_sec"": 1e-05, ""filter_cutoff"": 60000.0}"
f1,per_scenario,nano_ext[gmm],dwell,3e-05,8,0.6727,"{""threshold_method"": ""gmm"", ""sublevel_method"": ""gmm"", ""min_event_duration_sec"": 3e-05, ""filter_cutoff"": 60000.0}"
f1,per_scenario,nano_ext[gmm],dwell,0.0001,4,0.9973,"{""threshold_method"": ""gmm"", ""sublevel_method"": ""gmm"", ""min_event_duration_sec"": 1e-05, ""filter_cutoff"": null}"
f1,per_scenario,nano_ext[gmm],dwell,0.0003,4,1,"{""threshold_method"": ""gmm"", ""sublevel_method"": ""gmm"", ""min_event_duration_sec"": 1e-05, ""filter_cutoff"": null}"
f1,per_scenario,nano_ext[gmm],dwell,0.001,1,1,"{""threshold_method"": ""gmm"", ""sublevel_method"": ""gmm"", ""min_event_duration_sec"": null, ""filter_cutoff"": null}"
f1,per_scenario,nano_ext[gmm],dwell,0.01,0,1,"{""threshold_method"": ""gmm"", ""sublevel_method"": ""gmm"", ""min_event_duration_sec"": null, ""filter_cutoff"": 10000.0}"
f1,per_scenario,nano_ext[gmm],dwell,0.1,0,1,"{""threshold_method"": ""gmm"", ""sublevel_method"": ""gmm"", ""min_event_duration_sec"": null, ""filter_cutoff"": 10000.0}"
f1,per_scenario,nano_ext[gmm],snr,2,0,0.3549,"{""threshold_method"": ""gmm"", ""sublevel_method"": ""gmm"", ""min_event_duration_sec"": null, ""filter_cutoff"": 10000.0}"
f1,per_scenario,nano_ext[gmm],snr,3,9,0.7513,"{""threshold_method"": ""gmm"", ""sublevel_method"": ""gmm"", ""min_event_duration_sec"": 0.0001, ""filter_cutoff"": 10000.0}"
f1,per_scenario,nano_ext[gmm],snr,5,9,0.9604,"{""threshold_method"": ""gmm"", ""sublevel_method"": ""gmm"", ""min_event_duration_sec"": 0.0001, ""filter_cutoff"": 10000.0}"
f1,per_scenario,nano_ext[gmm],snr,8,1,1,"{""threshold_method"": ""gmm"", ""sublevel_method"": ""gmm"", ""min_event_duration_sec"": null, ""filter_cutoff"": null}"
f1,per_scenario,nano_ext[gmm],snr,15,1,1,"{""threshold_method"": ""gmm"", ""sublevel_method"": ""gmm"", ""min_event_duration_sec"": null, ""filter_cutoff"": null}"
f1,per_scenario,pelt,dwell,1e-05,3,0.5065,"{""penalty_factor"": 1.0, ""k_sigma"": 3.0}"
f1,per_scenario,pelt,dwell,3e-05,5,0.9503,"{""penalty_factor"": 2.0, ""k_sigma"": 3.0}"
f1,per_scenario,pelt,dwell,0.0001,5,1,"{""penalty_factor"": 2.0, ""k_sigma"": 3.0}"
f1,per_scenario,pelt,dwell,0.0003,5,1,"{""penalty_factor"": 2.0, ""k_sigma"": 3.0}"
f1,per_scenario,pelt,dwell,0.001,5,1,"{""penalty_factor"": 2.0, ""k_sigma"": 3.0}"
f1,per_scenario,pelt,dwell,0.01,4,1,"{""penalty_factor"": 2.0, ""k_sigma"": 2.0}"
f1,per_scenario,pelt,dwell,0.1,4,1,"{""penalty_factor"": 2.0, ""k_sigma"": 2.0}"
f1,per_scenario,pelt,snr,2,6,0.6524,"{""penalty_factor"": 4.0, ""k_sigma"": 2.0}"
f1,per_scenario,pelt,snr,3,8,0.9664,"{""penalty_factor"": 8.0, ""k_sigma"": 2.0}"
f1,per_scenario,pelt,snr,5,6,1,"{""penalty_factor"": 4.0, ""k_sigma"": 2.0}"
f1,per_scenario,pelt,snr,8,5,1,"{""penalty_factor"": 2.0, ""k_sigma"": 3.0}"
f1,per_scenario,pelt,snr,15,5,1,"{""penalty_factor"": 2.0, ""k_sigma"": 3.0}"
f1,per_scenario,rolling_median_2gmm,dwell,1e-05,4,0.3106,"{""window_sec"": 1.0, ""posterior"": 0.5, ""merge_gap_sec"": 2e-05}"
f1,per_scenario,rolling_median_2gmm,dwell,3e-05,0,0.9149,"{""window_sec"": 0.2, ""posterior"": 0.5, ""merge_gap_sec"": 2e-05}"
f1,per_scenario,rolling_median_2gmm,dwell,0.0001,4,0.9073,"{""window_sec"": 1.0, ""posterior"": 0.5, ""merge_gap_sec"": 2e-05}"
f1,per_scenario,rolling_median_2gmm,dwell,0.0003,3,0.9415,"{""window_sec"": 0.2, ""posterior"": 0.99, ""merge_gap_sec"": 0.001}"
f1,per_scenario,rolling_median_2gmm,dwell,0.001,11,0.9475,"{""window_sec"": 5.0, ""posterior"": 0.99, ""merge_gap_sec"": 0.001}"
f1,per_scenario,rolling_median_2gmm,dwell,0.01,7,0.935,"{""window_sec"": 1.0, ""posterior"": 0.99, ""merge_gap_sec"": 0.001}"
f1,per_scenario,rolling_median_2gmm,dwell,0.1,11,0.5238,"{""window_sec"": 5.0, ""posterior"": 0.99, ""merge_gap_sec"": 0.001}"
f1,per_scenario,rolling_median_2gmm,snr,2,0,0,"{""window_sec"": 0.2, ""posterior"": 0.5, ""merge_gap_sec"": 2e-05}"
f1,per_scenario,rolling_median_2gmm,snr,3,9,0.1519,"{""window_sec"": 5.0, ""posterior"": 0.5, ""merge_gap_sec"": 0.001}"
f1,per_scenario,rolling_median_2gmm,snr,5,3,0.9233,"{""window_sec"": 0.2, ""posterior"": 0.99, ""merge_gap_sec"": 0.001}"
f1,per_scenario,rolling_median_2gmm,snr,8,11,0.9475,"{""window_sec"": 5.0, ""posterior"": 0.99, ""merge_gap_sec"": 0.001}"
f1,per_scenario,rolling_median_2gmm,snr,15,2,1,"{""window_sec"": 0.2, ""posterior"": 0.99, ""merge_gap_sec"": 2e-05}"
f1,per_scenario,threshold,dwell,1e-05,8,0.4893,"{""k_sigma"": 5.0, ""k_exit"": 2.0}"
f1,per_scenario,threshold,dwell,3e-05,8,0.936,"{""k_sigma"": 5.0, ""k_exit"": 2.0}"
f1,per_scenario,threshold,dwell,0.0001,11,0.9959,"{""k_sigma"": 6.0, ""k_exit"": 2.0}"
f1,per_scenario,threshold,dwell,0.0003,10,1,"{""k_sigma"": 6.0, ""k_exit"": 1.0}"
f1,per_scenario,threshold,dwell,0.001,9,1,"{""k_sigma"": 6.0, ""k_exit"": 0.5}"
f1,per_scenario,threshold,dwell,0.01,6,1,"{""k_sigma"": 5.0, ""k_exit"": 0.5}"
f1,per_scenario,threshold,dwell,0.1,3,1,"{""k_sigma"": 4.0, ""k_exit"": 0.5}"
f1,per_scenario,threshold,snr,2,3,0.1494,"{""k_sigma"": 4.0, ""k_exit"": 0.5}"
f1,per_scenario,threshold,snr,3,6,0.6403,"{""k_sigma"": 5.0, ""k_exit"": 0.5}"
f1,per_scenario,threshold,snr,5,9,0.9757,"{""k_sigma"": 6.0, ""k_exit"": 0.5}"
f1,per_scenario,threshold,snr,8,9,1,"{""k_sigma"": 6.0, ""k_exit"": 0.5}"
f1,per_scenario,threshold,snr,15,9,1,"{""k_sigma"": 6.0, ""k_exit"": 0.5}"
f1,per_scenario,threshold+nanotrees,dwell,1e-05,10,0.2598,"{""k_sigma"": 5.0, ""smallest_sublevel_pa"": 80.0}"
f1,per_scenario,threshold+nanotrees,dwell,3e-05,10,0.7902,"{""k_sigma"": 5.0, ""smallest_sublevel_pa"": 80.0}"
f1,per_scenario,threshold+nanotrees,dwell,0.0001,10,0.979,"{""k_sigma"": 5.0, ""smallest_sublevel_pa"": 80.0}"
f1,per_scenario,threshold+nanotrees,dwell,0.0003,8,0.9973,"{""k_sigma"": 5.0, ""smallest_sublevel_pa"": 20.0}"
f1,per_scenario,threshold+nanotrees,dwell,0.001,6,0.9986,"{""k_sigma"": 5.0, ""smallest_sublevel_pa"": 5.0}"
f1,per_scenario,threshold+nanotrees,dwell,0.01,9,0.9704,"{""k_sigma"": 5.0, ""smallest_sublevel_pa"": 40.0}"
f1,per_scenario,threshold+nanotrees,dwell,0.1,3,0.779,"{""k_sigma"": 4.0, ""smallest_sublevel_pa"": 40.0}"
f1,per_scenario,threshold+nanotrees,snr,2,6,0.0395,"{""k_sigma"": 5.0, ""smallest_sublevel_pa"": 5.0}"
f1,per_scenario,threshold+nanotrees,snr,3,10,0.3995,"{""k_sigma"": 5.0, ""smallest_sublevel_pa"": 80.0}"
f1,per_scenario,threshold+nanotrees,snr,5,9,0.8964,"{""k_sigma"": 5.0, ""smallest_sublevel_pa"": 40.0}"
f1,per_scenario,threshold+nanotrees,snr,8,6,0.9986,"{""k_sigma"": 5.0, ""smallest_sublevel_pa"": 5.0}"
f1,per_scenario,threshold+nanotrees,snr,15,6,0.9986,"{""k_sigma"": 5.0, ""smallest_sublevel_pa"": 5.0}"
f1,global,autonanopore,,,3,0.5206,"{""window_size_ms"": 5, ""theta"": 0.5}"
f1,global,mosaic,,,2,0.4857,"{""eventThreshold"": 3.0, ""StepSize"": 5.0}"
f1,global,nano_ext[dpgmm],,,3,0.7763,"{""threshold_method"": ""dpgmm"", ""sublevel_method"": ""dpgmm"", ""min_event_duration_sec"": 1e-05, ""filter_cutoff"": 10000.0}"
f1,global,nano_ext[gmm],,,9,0.7341,"{""threshold_method"": ""gmm"", ""sublevel_method"": ""gmm"", ""min_event_duration_sec"": 0.0001, ""filter_cutoff"": 10000.0}"
f1,global,pelt,,,4,0.9077,"{""penalty_factor"": 2.0, ""k_sigma"": 2.0}"
f1,global,rolling_median_2gmm,,,11,0.6584,"{""window_sec"": 5.0, ""posterior"": 0.99, ""merge_gap_sec"": 0.001}"
f1,global,threshold,,,6,0.7801,"{""k_sigma"": 5.0, ""k_exit"": 0.5}"
f1,global,threshold+nanotrees,,,10,0.7581,"{""k_sigma"": 5.0, ""smallest_sublevel_pa"": 80.0}"
f1_x_level_acc,per_scenario,mosaic,dwell,1e-05,0,0,"{""eventThreshold"": 3.0, ""StepSize"": 2.0}"
f1_x_level_acc,per_scenario,mosaic,dwell,3e-05,8,0.1904,"{""eventThreshold"": 5.0, ""StepSize"": 5.0}"
f1_x_level_acc,per_scenario,mosaic,dwell,0.0001,1,0.5265,"{""eventThreshold"": 3.0, ""StepSize"": 3.0}"
f1_x_level_acc,per_scenario,mosaic,dwell,0.0003,1,0.7662,"{""eventThreshold"": 3.0, ""StepSize"": 3.0}"
f1_x_level_acc,per_scenario,mosaic,dwell,0.001,2,0.7241,"{""eventThreshold"": 3.0, ""StepSize"": 5.0}"
f1_x_level_acc,per_scenario,mosaic,dwell,0.01,5,0.5183,"{""eventThreshold"": 4.0, ""StepSize"": 5.0}"
f1_x_level_acc,per_scenario,mosaic,dwell,0.1,0,0,"{""eventThreshold"": 3.0, ""StepSize"": 2.0}"
f1_x_level_acc,per_scenario,mosaic,snr,2,0,0.005682,"{""eventThreshold"": 3.0, ""StepSize"": 2.0}"
f1_x_level_acc,per_scenario,mosaic,snr,3,4,0.005405,"{""eventThreshold"": 4.0, ""StepSize"": 3.0}"
f1_x_level_acc,per_scenario,mosaic,snr,5,2,0.2067,"{""eventThreshold"": 3.0, ""StepSize"": 5.0}"
f1_x_level_acc,per_scenario,mosaic,snr,8,2,0.7241,"{""eventThreshold"": 3.0, ""StepSize"": 5.0}"
f1_x_level_acc,per_scenario,mosaic,snr,15,5,0.9972,"{""eventThreshold"": 4.0, ""StepSize"": 5.0}"
f1_x_level_acc,per_scenario,nano_ext[dpgmm],dwell,1e-05,5,0.3212,"{""threshold_method"": ""dpgmm"", ""sublevel_method"": ""dpgmm"", ""min_event_duration_sec"": 1e-05, ""filter_cutoff"": 60000.0}"
f1_x_level_acc,per_scenario,nano_ext[dpgmm],dwell,3e-05,5,0.4978,"{""threshold_method"": ""dpgmm"", ""sublevel_method"": ""dpgmm"", ""min_event_duration_sec"": 1e-05, ""filter_cutoff"": 60000.0}"
f1_x_level_acc,per_scenario,nano_ext[dpgmm],dwell,0.0001,7,0.5012,"{""threshold_method"": ""dpgmm"", ""sublevel_method"": ""dpgmm"", ""min_event_duration_sec"": 3e-05, ""filter_cutoff"": null}"
f1_x_level_acc,per_scenario,nano_ext[dpgmm],dwell,0.0003,4,0.5065,"{""threshold_method"": ""dpgmm"", ""sublevel_method"": ""dpgmm"", ""min_event_duration_sec"": 1e-05, ""filter_cutoff"": null}"
f1_x_level_acc,per_scenario,nano_ext[dpgmm],dwell,0.001,1,0.7355,"{""threshold_method"": ""dpgmm"", ""sublevel_method"": ""dpgmm"", ""min_event_duration_sec"": null, ""filter_cutoff"": null}"
f1_x_level_acc,per_scenario,nano_ext[dpgmm],dwell,0.01,0,1,"{""threshold_method"": ""dpgmm"", ""sublevel_method"": ""dpgmm"", ""min_event_duration_sec"": null, ""filter_cutoff"": 10000.0}"
f1_x_level_acc,per_scenario,nano_ext[dpgmm],dwell,0.1,0,1,"{""threshold_method"": ""dpgmm"", ""sublevel_method"": ""dpgmm"", ""min_event_duration_sec"": null, ""filter_cutoff"": 10000.0}"
f1_x_level_acc,per_scenario,nano_ext[dpgmm],snr,2,9,0.08104,"{""threshold_method"": ""dpgmm"", ""sublevel_method"": ""dpgmm"", ""min_event_duration_sec"": 0.0001, ""filter_cutoff"": 10000.0}"
f1_x_level_acc,per_scenario,nano_ext[dpgmm],snr,3,0,0.4867,"{""threshold_method"": ""dpgmm"", ""sublevel_method"": ""dpgmm"", ""min_event_duration_sec"": null, ""filter_cutoff"": 10000.0}"
f1_x_level_acc,per_scenario,nano_ext[dpgmm],snr,5,3,0.571,"{""threshold_method"": ""dpgmm"", ""sublevel_method"": ""dpgmm"", ""min_event_duration_sec"": 1e-05, ""filter_cutoff"": 10000.0}"
f1_x_level_acc,per_scenario,nano_ext[dpgmm],snr,8,1,0.7355,"{""threshold_method"": ""dpgmm"", ""sublevel_method"": ""dpgmm"", ""min_event_duration_sec"": null, ""filter_cutoff"": null}"
f1_x_level_acc,per_scenario,nano_ext[dpgmm],snr,15,2,0.8358,"{""threshold_method"": ""dpgmm"", ""sublevel_method"": ""dpgmm"", ""min_event_duration_sec"": null, ""filter_cutoff"": 60000.0}"
f1_x_level_acc,per_scenario,nano_ext[gmm],dwell,1e-05,5,0.3187,"{""threshold_method"": ""gmm"", ""sublevel_method"": ""gmm"", ""min_event_duration_sec"": 1e-05, ""filter_cutoff"": 60000.0}"
f1_x_level_acc,per_scenario,nano_ext[gmm],dwell,3e-05,8,0.3651,"{""threshold_method"": ""gmm"", ""sublevel_method"": ""gmm"", ""min_event_duration_sec"": 3e-05, ""filter_cutoff"": 60000.0}"
f1_x_level_acc,per_scenario,nano_ext[gmm],dwell,0.0001,4,0.4991,"{""threshold_method"": ""gmm"", ""sublevel_method"": ""gmm"", ""min_event_duration_sec"": 1e-05, ""filter_cutoff"": null}"
f1_x_level_acc,per_scenario,nano_ext[gmm],dwell,0.0003,4,0.5119,"{""threshold_method"": ""gmm"", ""sublevel_method"": ""gmm"", ""min_event_duration_sec"": 1e-05, ""filter_cutoff"": null}"
f1_x_level_acc,per_scenario,nano_ext[gmm],dwell,0.001,1,0.7015,"{""threshold_method"": ""gmm"", ""sublevel_method"": ""gmm"", ""min_event_duration_sec"": null, ""filter_cutoff"": null}"
f1_x_level_acc,per_scenario,nano_ext[gmm],dwell,0.01,1,0.889,"{""threshold_method"": ""gmm"", ""sublevel_method"": ""gmm"", ""min_event_duration_sec"": null, ""filter_cutoff"": null}"
f1_x_level_acc,per_scenario,nano_ext[gmm],dwell,0.1,1,1,"{""threshold_method"": ""gmm"", ""sublevel_method"": ""gmm"", ""min_event_duration_sec"": null, ""filter_cutoff"": null}"
f1_x_level_acc,per_scenario,nano_ext[gmm],snr,2,0,0.2193,"{""threshold_method"": ""gmm"", ""sublevel_method"": ""gmm"", ""min_event_duration_sec"": null, ""filter_cutoff"": 10000.0}"
f1_x_level_acc,per_scenario,nano_ext[gmm],snr,3,0,0.3935,"{""threshold_method"": ""gmm"", ""sublevel_method"": ""gmm"", ""min_event_duration_sec"": null, ""filter_cutoff"": 10000.0}"
f1_x_level_acc,per_scenario,nano_ext[gmm],snr,5,1,0.4817,"{""threshold_method"": ""gmm"", ""sublevel_method"": ""gmm"", ""min_event_duration_sec"": null, ""filter_cutoff"": null}"
f1_x_level_acc,per_scenario,nano_ext[gmm],snr,8,1,0.7015,"{""threshold_method"": ""gmm"", ""sublevel_method"": ""gmm"", ""min_event_duration_sec"": null, ""filter_cutoff"": null}"
f1_x_level_acc,per_scenario,nano_ext[gmm],snr,15,2,0.8364,"{""threshold_method"": ""gmm"", ""sublevel_method"": ""gmm"", ""min_event_duration_sec"": null, ""filter_cutoff"": 60000.0}"
f1_x_level_acc,per_scenario,pelt,dwell,1e-05,3,0.3049,"{""penalty_factor"": 1.0, ""k_sigma"": 3.0}"
f1_x_level_acc,per_scenario,pelt,dwell,3e-05,5,0.5062,"{""penalty_factor"": 2.0, ""k_sigma"": 3.0}"
f1_x_level_acc,per_scenario,pelt,dwell,0.0001,3,0.7238,"{""penalty_factor"": 1.0, ""k_sigma"": 3.0}"
f1_x_level_acc,per_scenario,pelt,dwell,0.0003,5,0.9229,"{""penalty_factor"": 2.0, ""k_sigma"": 3.0}"
f1_x_level_acc,per_scenario,pelt,dwell,0.001,6,0.9972,"{""penalty_factor"": 4.0, ""k_sigma"": 2.0}"
f1_x_level_acc,per_scenario,pelt,dwell,0.01,6,1,"{""penalty_factor"": 4.0, ""k_sigma"": 2.0}"
f1_x_level_acc,per_scenario,pelt,dwell,0.1,10,0.9667,"{""penalty_factor"": 16.0, ""k_sigma"": 2.0}"
f1_x_level_acc,per_scenario,pelt,snr,2,6,0.4689,"{""penalty_factor"": 4.0, ""k_sigma"": 2.0}"
f1_x_level_acc,per_scenario,pelt,snr,3,4,0.6066,"{""penalty_factor"": 2.0, ""k_sigma"": 2.0}"
f1_x_level_acc,per_scenario,pelt,snr,5,4,0.9781,"{""penalty_factor"": 2.0, ""k_sigma"": 2.0}"
f1_x_level_acc,per_scenario,pelt,snr,8,6,0.9972,"{""penalty_factor"": 4.0, ""k_sigma"": 2.0}"
f1_x_level_acc,per_scenario,pelt,snr,15,6,1,"{""penalty_factor"": 4.0, ""k_sigma"": 2.0}"
f1_x_level_acc,per_scenario,threshold+nanotrees,dwell,1e-05,10,0.1382,"{""k_sigma"": 5.0, ""smallest_sublevel_pa"": 80.0}"
f1_x_level_acc,per_scenario,threshold+nanotrees,dwell,3e-05,10,0.3962,"{""k_sigma"": 5.0, ""smallest_sublevel_pa"": 80.0}"
f1_x_level_acc,per_scenario,threshold+nanotrees,dwell,0.0001,8,0.5905,"{""k_sigma"": 5.0, ""smallest_sublevel_pa"": 20.0}"
f1_x_level_acc,per_scenario,threshold+nanotrees,dwell,0.0003,8,0.7758,"{""k_sigma"": 5.0, ""smallest_sublevel_pa"": 20.0}"
f1_x_level_acc,per_scenario,threshold+nanotrees,dwell,0.001,8,0.9579,"{""k_sigma"": 5.0, ""smallest_sublevel_pa"": 20.0}"
f1_x_level_acc,per_scenario,threshold+nanotrees,dwell,0.01,8,0.9114,"{""k_sigma"": 5.0, ""smallest_sublevel_pa"": 20.0}"
f1_x_level_acc,per_scenario,threshold+nanotrees,dwell,0.1,2,0.6082,"{""k_sigma"": 4.0, ""smallest_sublevel_pa"": 20.0}"
f1_x_level_acc,per_scenario,threshold+nanotrees,snr,2,4,0.02397,"{""k_sigma"": 4.0, ""smallest_sublevel_pa"": 80.0}"
f1_x_level_acc,per_scenario,threshold+nanotrees,snr,3,10,0.2591,"{""k_sigma"": 5.0, ""smallest_sublevel_pa"": 80.0}"
f1_x_level_acc,per_scenario,threshold+nanotrees,snr,5,8,0.6374,"{""k_sigma"": 5.0, ""smallest_sublevel_pa"": 20.0}"
f1_x_level_acc,per_scenario,threshold+nanotrees,snr,8,8,0.9579,"{""k_sigma"": 5.0, ""smallest_sublevel_pa"": 20.0}"
f1_x_level_acc,per_scenario,threshold+nanotrees,snr,15,7,0.9986,"{""k_sigma"": 5.0, ""smallest_sublevel_pa"": 10.0}"
f1_x_level_acc,global,mosaic,,,2,0.3786,"{""eventThreshold"": 3.0, ""StepSize"": 5.0}"
f1_x_level_acc,global,nano_ext[dpgmm],,,4,0.5242,"{""threshold_method"": ""dpgmm"", ""sublevel_method"": ""dpgmm"", ""min_event_duration_sec"": 1e-05, ""filter_cutoff"": null}"
f1_x_level_acc,global,nano_ext[gmm],,,7,0.4753,"{""threshold_method"": ""gmm"", ""sublevel_method"": ""gmm"", ""min_event_duration_sec"": 3e-05, ""filter_cutoff"": null}"
f1_x_level_acc,global,pelt,,,4,0.7039,"{""penalty_factor"": 2.0, ""k_sigma"": 2.0}"
f1_x_level_acc,global,threshold+nanotrees,,,8,0.5789,"{""k_sigma"": 5.0, ""smallest_sublevel_pa"": 20.0}"
