method,axis,value,f1_min,f1_median,f1_max
autonanopore,dwell,1e-05,0,0.2179,0.2392
autonanopore,dwell,3e-05,0,0.3801,0.7436
autonanopore,dwell,0.0001,0,0.44,0.9467
autonanopore,dwell,0.0003,0,0.4472,0.9568
autonanopore,dwell,0.001,0,0.5021,0.7668
autonanopore,dwell,0.01,0,0,0.05263
autonanopore,dwell,0.1,0,0,0
autonanopore,snr,2,0,0.01011,0.04522
autonanopore,snr,3,0,0.1926,0.4041
autonanopore,snr,5,0,0.4344,0.6887
autonanopore,snr,8,0,0.5021,0.7668
autonanopore,snr,15,0,0.5326,0.8229
mosaic,dwell,1e-05,0,0,0
mosaic,dwell,3e-05,0.1326,0.1924,0.3115
mosaic,dwell,0.0001,0.4507,0.6747,0.9136
mosaic,dwell,0.0003,0.5239,0.75,0.9414
mosaic,dwell,0.001,0.1898,0.6728,0.822
mosaic,dwell,0.01,0,0.3482,0.7415
mosaic,dwell,0.1,0,0,0.05263
mosaic,snr,2,0,0,0.005682
mosaic,snr,3,0,0,0.005405
mosaic,snr,5,0,0.008082,0.2356
mosaic,snr,8,0.1898,0.6728,0.822
mosaic,snr,15,0.9677,0.995,0.9972
nano_ext[dpgmm],dwell,1e-05,0,0.002907,0.4811
nano_ext[dpgmm],dwell,3e-05,0,0.2991,0.9152
nano_ext[dpgmm],dwell,0.0001,0,0.8644,0.9973
nano_ext[dpgmm],dwell,0.0003,0.2212,0.9421,1
nano_ext[dpgmm],dwell,0.001,0.6286,1,1
nano_ext[dpgmm],dwell,0.01,0.1166,0.986,1
nano_ext[dpgmm],dwell,0.1,0.017,1,1
nano_ext[dpgmm],snr,2,0,0,0.09588
nano_ext[dpgmm],snr,3,0,0,0.6846
nano_ext[dpgmm],snr,5,0.1152,0.722,1
nano_ext[dpgmm],snr,8,0.6286,1,1
nano_ext[dpgmm],snr,15,0.9576,1,1
nano_ext[gmm],dwell,1e-05,0,0.002907,0.4757
nano_ext[gmm],dwell,3e-05,0,0.02838,0.6727
nano_ext[gmm],dwell,0.0001,0,0.8625,0.9973
nano_ext[gmm],dwell,0.0003,0.2337,0.9615,1
nano_ext[gmm],dwell,0.001,0.8453,0.9671,1
nano_ext[gmm],dwell,0.01,0.3068,0.977,1
nano_ext[gmm],dwell,0.1,0.06976,1,1
nano_ext[gmm],snr,2,0.005161,0.2162,0.3549
nano_ext[gmm],snr,3,0.001413,0.2306,0.7513
nano_ext[gmm],snr,5,0.2349,0.7119,0.9604
nano_ext[gmm],snr,8,0.8453,0.9671,1
nano_ext[gmm],snr,15,0.755,1,1
pelt,dwell,1e-05,0,0.1433,0.5065
pelt,dwell,3e-05,0.136,0.7948,0.9503
pelt,dwell,0.0001,0.3106,0.9669,1
pelt,dwell,0.0003,0.3281,0.995,1
pelt,dwell,0.001,0.3979,1,1
pelt,dwell,0.01,0.6141,1,1
pelt,dwell,0.1,0.1844,1,1
pelt,snr,2,0,0.06926,0.6524
pelt,snr,3,0.2556,0.5119,0.9664
pelt,snr,5,0.3878,0.9285,1
pelt,snr,8,0.3979,1,1
pelt,snr,15,0.3986,1,1
rolling_median_2gmm,dwell,1e-05,0,0.1448,0.3106
rolling_median_2gmm,dwell,3e-05,0.8373,0.8699,0.9149
rolling_median_2gmm,dwell,0.0001,0.8635,0.9024,0.9073
rolling_median_2gmm,dwell,0.0003,0.7744,0.8321,0.9415
rolling_median_2gmm,dwell,0.001,0.5577,0.6835,0.9475
rolling_median_2gmm,dwell,0.01,0.1434,0.2606,0.935
rolling_median_2gmm,dwell,0.1,0,0.02132,0.5238
rolling_median_2gmm,snr,2,0,0,0
rolling_median_2gmm,snr,3,0,0.009357,0.1519
rolling_median_2gmm,snr,5,0.196,0.2762,0.9233
rolling_median_2gmm,snr,8,0.5577,0.6835,0.9475
rolling_median_2gmm,snr,15,0.9405,0.9703,1
threshold,dwell,1e-05,0.02493,0.1843,0.4893
threshold,dwell,3e-05,0.119,0.6606,0.936
threshold,dwell,0.0001,0.181,0.8974,0.9959
threshold,dwell,0.0003,0.2092,0.9423,1
threshold,dwell,0.001,0.2705,0.9494,1
threshold,dwell,0.01,0.2983,0.8099,1
threshold,dwell,0.1,0.04087,0.4707,1
threshold,snr,2,0,0.008574,0.1494
threshold,snr,3,0.008265,0.168,0.6403
threshold,snr,5,0.1709,0.781,0.9757
threshold,snr,8,0.2705,0.9494,1
threshold,snr,15,0.2741,0.9696,1
threshold+nanotrees,dwell,1e-05,0.08347,0.2028,0.2598
threshold+nanotrees,dwell,3e-05,0.2708,0.4603,0.7902
threshold+nanotrees,dwell,0.0001,0.6349,0.8333,0.979
threshold+nanotrees,dwell,0.0003,0.8724,0.9337,0.9973
threshold+nanotrees,dwell,0.001,0.9406,0.9696,0.9986
threshold+nanotrees,dwell,0.01,0.9385,0.965,0.9704
threshold+nanotrees,dwell,0.1,0.7058,0.7546,0.779
threshold+nanotrees,snr,2,0.01927,0.02963,0.0395
threshold+nanotrees,snr,3,0.2696,0.3495,0.3995
threshold+nanotrees,snr,5,0.6886,0.8111,0.8964
threshold+nanotrees,snr,8,0.9406,0.9696,0.9986
threshold+nanotrees,snr,15,0.9406,0.9696,0.9986
