axis,value,method,setting,f1,f1_any,recall,precision,dwell_err,depth_err,level_acc,bound_err_us,runtime_s,f1_sd,f1_any_sd,recall_sd,precision_sd,dwell_err_sd,depth_err_sd,level_acc_sd,bound_err_us_sd,runtime_s_sd,n_seeds
dwell,1e-05,autonanopore,default,0,0,0,0,,,,,0.4175,0,0,0,0,,,,,0.03375,5
dwell,1e-05,autonanopore,tuned_global_f1,0.2272,0.6483,0.169,0.3479,0.6504,0.1395,,,1.015,0.04859,0.04439,0.03551,0.07844,0.04983,0.02055,,,0.06777,5
dwell,1e-05,autonanopore,tuned_per_scenario_f1,0.2252,0.6492,0.1676,0.3449,0.6504,0.1356,,,2.168,0.05401,0.0456,0.04083,0.08184,0.04575,0.0231,,,0.09687,5
dwell,1e-05,mosaic,default,0,0.001786,0,0,,,,,1.627,0,0.003993,0,0,,,,,0.1562,5
dwell,1e-05,mosaic,tuned_global_f1,0,0,0,0,,,,,1.92,0,0,0,0,,,,,0.164,5
dwell,1e-05,mosaic,tuned_global_f1_x_level_acc,0,0,0,0,,,,,1.92,0,0,0,0,,,,,0.164,5
dwell,1e-05,mosaic,tuned_per_scenario_f1,0,0.03217,0,0,,,,,1.895,0,0.01523,0,0,,,,,0.06324,5
dwell,1e-05,mosaic,tuned_per_scenario_f1_x_level_acc,0,0.03217,0,0,,,,,1.895,0,0.01523,0,0,,,,,0.06324,5
dwell,1e-05,nano_ext[dpgmm],default,0,0,0,0,,,,,3.451,0,0,0,0,,,,,0.4855,5
dwell,1e-05,nano_ext[dpgmm],tuned_global_f1,0.04886,0.08344,0.02582,0.526,0.358,0.655,0.5333,,4.154,0.04404,0.03572,0.02378,0.3008,0.1845,0.02253,0.3161,,0.1204,5
dwell,1e-05,nano_ext[dpgmm],tuned_global_f1_x_level_acc,0.2692,0.3057,0.1593,0.8814,0.2699,0.4902,0.7031,,4.267,0.03716,0.04089,0.02599,0.04885,0.05911,0.01727,0.0524,,0.06227,5
dwell,1e-05,nano_ext[dpgmm],tuned_per_scenario_f1,0.4537,0.4877,0.3004,0.9297,0.1806,0.2579,0.6926,,4.383,0.03451,0.0276,0.02811,0.03175,0.02114,0.01996,0.04165,,0.2311,5
dwell,1e-05,nano_ext[dpgmm],tuned_per_scenario_f1_x_level_acc,0.4537,0.4877,0.3004,0.9297,0.1806,0.2579,0.6926,,4.383,0.03451,0.0276,0.02811,0.03175,0.02114,0.01996,0.04165,,0.2311,5
dwell,1e-05,nano_ext[gmm],default,0,0,0,0,,,,,9.993,0,0,0,0,,,,,0.2359,5
dwell,1e-05,nano_ext[gmm],tuned_global_f1,0,0,0,0,,,,,11.81,0,0,0,0,,,,,0.04226,5
dwell,1e-05,nano_ext[gmm],tuned_global_f1_x_level_acc,0.06154,0.07067,0.03215,0.8876,0.3435,0.3748,0.7126,,12.08,0.03274,0.03625,0.01771,0.1859,0.1212,0.01263,0.1362,,0.2525,5
dwell,1e-05,nano_ext[gmm],tuned_per_scenario_f1,0.4509,0.4864,0.2983,0.9266,0.1789,0.2593,0.6943,,12.25,0.03366,0.02889,0.02767,0.03276,0.01989,0.02019,0.03899,,0.3536,5
dwell,1e-05,nano_ext[gmm],tuned_per_scenario_f1_x_level_acc,0.4509,0.4864,0.2983,0.9266,0.1789,0.2593,0.6943,,12.25,0.03366,0.02889,0.02767,0.03276,0.01989,0.02019,0.03899,,0.3536,5
dwell,1e-05,pelt,default,0.5252,0.6526,0.4112,0.728,0.3444,0.2925,0.5968,,10.1,0.02108,0.03012,0.02308,0.02611,0.04955,0.01489,0.03534,,0.4571,5
dwell,1e-05,pelt,tuned_global_f1,0.3965,0.44,0.2554,0.8892,0.2826,0.2447,0.6627,,48.56,0.02897,0.02614,0.02226,0.0447,0.05379,0.01755,0.03142,,5.519,5
dwell,1e-05,pelt,tuned_global_f1_x_level_acc,0.3965,0.44,0.2554,0.8892,0.2826,0.2447,0.6627,,48.56,0.02897,0.02614,0.02226,0.0447,0.05379,0.01755,0.03142,,5.519,5
dwell,1e-05,pelt,tuned_per_scenario_f1,0.5252,0.6526,0.4112,0.728,0.3444,0.2925,0.5968,,11.62,0.02108,0.03012,0.02308,0.02611,0.04955,0.01489,0.03534,,0.4312,5
dwell,1e-05,pelt,tuned_per_scenario_f1_x_level_acc,0.5252,0.6526,0.4112,0.728,0.3444,0.2925,0.5968,,11.62,0.02108,0.03012,0.02308,0.02611,0.04955,0.01489,0.03534,,0.4312,5
dwell,1e-05,rolling_median_2gmm,default,0,0,0,0,,,,,6.286,0,0,0,0,,,,,0.3853,5
dwell,1e-05,rolling_median_2gmm,tuned_global_f1,0,0,0,0,,,,,5.956,0,0,0,0,,,,,0.3257,5
dwell,1e-05,rolling_median_2gmm,tuned_per_scenario_f1,0,0,0,0,,,,,6.044,0,0,0,0,,,,,0.4252,5
dwell,1e-05,threshold,default,0.263,0.6447,0.1946,0.4074,0.6693,0.386,,,0.05774,0.04116,0.04779,0.03247,0.06065,0.04268,0.01893,,,0.008062,5
dwell,1e-05,threshold,tuned_global_f1,0.1392,0.6447,0.1029,0.216,0.6463,0.4071,,,0.0658,0.04391,0.04779,0.03266,0.06765,0.04564,0.04493,,,0.004412,5
dwell,1e-05,threshold,tuned_per_scenario_f1,0.4703,0.6447,0.3485,0.7271,0.4963,0.3282,,,0.07257,0.04789,0.04779,0.04532,0.04387,0.06899,0.0227,,,0.009006,5
dwell,1e-05,threshold+nanotrees,default,0.263,0.6447,0.1946,0.4074,0.6693,0.386,0.5907,,4.06,0.04116,0.04779,0.03247,0.06065,0.04268,0.01893,0.04556,,0.3254,5
dwell,1e-05,threshold+nanotrees,tuned_global_f1,0.263,0.6447,0.1946,0.4074,0.6693,0.386,0.5907,,3.935,0.04116,0.04779,0.03247,0.06065,0.04268,0.01893,0.04556,,0.3335,5
dwell,1e-05,threshold+nanotrees,tuned_global_f1_x_level_acc,0.1875,0.6433,0.139,0.2895,0.6845,0.4036,0.612,,3.919,0.04023,0.04973,0.03171,0.05707,0.0433,0.02161,0.09915,,0.2348,5
dwell,1e-05,threshold+nanotrees,tuned_per_scenario_f1,0.263,0.6447,0.1946,0.4074,0.6693,0.386,0.5907,,3.935,0.04116,0.04779,0.03247,0.06065,0.04268,0.01893,0.04556,,0.3335,5
dwell,1e-05,threshold+nanotrees,tuned_per_scenario_f1_x_level_acc,0.263,0.6447,0.1946,0.4074,0.6693,0.386,0.5907,,3.935,0.04116,0.04779,0.03247,0.06065,0.04268,0.01893,0.04556,,0.3335,5
dwell,3e-05,autonanopore,default,0,0,0,0,,,,,0.4633,0,0,0,0,,,,,0.06353,5
dwell,3e-05,autonanopore,tuned_global_f1,0.7529,0.9054,0.6888,0.8307,0.4017,0.1297,,,0.9516,0.0231,0.02124,0.02945,0.02268,0.0325,0.01153,,,0.07353,5
dwell,3e-05,autonanopore,tuned_per_scenario_f1,0.7768,0.9444,0.738,0.8199,0.3992,0.129,,,2.205,0.02311,0.008523,0.02147,0.02629,0.033,0.009455,,,0.2013,5
dwell,3e-05,mosaic,default,0.1632,0.2536,0.09414,0.617,0.05312,0.06705,0.8698,,2.03,0.03467,0.02585,0.02076,0.1081,0.02629,0.02305,0.08957,,0.1354,5
dwell,3e-05,mosaic,tuned_global_f1,0.2935,0.2983,0.1729,0.9847,0.04319,0.1019,0.5661,,2.329,0.03323,0.03604,0.02307,0.01406,0.01059,0.01802,0.1316,,0.2059,5
dwell,3e-05,mosaic,tuned_global_f1_x_level_acc,0.2935,0.2983,0.1729,0.9847,0.04319,0.1019,0.5661,,2.329,0.03323,0.03604,0.02307,0.01406,0.01059,0.01802,0.1316,,0.2059,5
dwell,3e-05,mosaic,tuned_per_scenario_f1,0.2935,0.2983,0.1729,0.9847,0.04319,0.1019,0.5661,,2.329,0.03323,0.03604,0.02307,0.01406,0.01059,0.01802,0.1316,,0.2059,5
dwell,3e-05,mosaic,tuned_per_scenario_f1_x_level_acc,0.2227,0.235,0.1264,0.9455,0.03989,0.08171,0.7708,,2.303,0.03182,0.02806,0.0203,0.02693,0.01384,0.01706,0.1284,,0.2176,5
dwell,3e-05,nano_ext[dpgmm],default,0,0,0,0,,,,,3.476,0,0,0,0,,,,,0.6764,5
dwell,3e-05,nano_ext[dpgmm],tuned_global_f1,0.6377,0.7011,0.4911,0.9103,0.4127,0.5596,0.5735,,4.435,0.02808,0.0253,0.02451,0.04899,0.03257,0.01522,0.03056,,0.1247,5
dwell,3e-05,nano_ext[dpgmm],tuned_global_f1_x_level_acc,0.8844,0.9176,0.8171,0.9639,0.1348,0.3216,0.5588,,4.305,0.003367,0.008095,0.005376,0.01072,0.01414,0.01426,0.04562,,0.08721,5
dwell,3e-05,nano_ext[dpgmm],tuned_per_scenario_f1,0.914,0.9545,0.8761,0.9556,0.1437,0.1139,0.5578,,4.463,0.02685,0.01183,0.03217,0.0244,0.02069,0.01364,0.03939,,0.134,5
dwell,3e-05,nano_ext[dpgmm],tuned_per_scenario_f1_x_level_acc,0.914,0.9545,0.8761,0.9556,0.1437,0.1139,0.5578,,4.463,0.02685,0.01183,0.03217,0.0244,0.02069,0.01364,0.03939,,0.134,5
dwell,3e-05,nano_ext[gmm],default,0,0.03305,0,0,,,,,9.884,0,0.033,0,0,,,,,0.5175,5
dwell,3e-05,nano_ext[gmm],tuned_global_f1,0.01824,0.238,0.02525,0.02483,0.8723,0.519,0.5,,16.19,0.02493,0.11,0.01591,0.04543,0.06208,0.04517,0.1587,,2.961,5
dwell,3e-05,nano_ext[gmm],tuned_global_f1_x_level_acc,0.2447,0.3407,0.5036,0.1925,0.637,0.4427,0.5024,,14.08,0.2859,0.3451,0.2281,0.2379,0.09663,0.02648,0.04312,,1.023,5
dwell,3e-05,nano_ext[gmm],tuned_per_scenario_f1,0.4556,0.4792,0.6531,0.462,0.2908,0.2488,0.5474,,14.12,0.3682,0.3677,0.0927,0.3998,0.1358,0.06259,0.04584,,0.9479,5
dwell,3e-05,nano_ext[gmm],tuned_per_scenario_f1_x_level_acc,0.4556,0.4792,0.6531,0.462,0.2908,0.2488,0.5474,,14.12,0.3682,0.3677,0.0927,0.3998,0.1358,0.06259,0.04584,,0.9479,5
dwell,3e-05,pelt,default,0.9355,0.9597,0.948,0.9236,0.07829,0.1239,0.5601,5.543,8.852,0.01363,0.007639,0.009987,0.02303,0.006334,0.004151,0.03359,2.936,0.5449,5
dwell,3e-05,pelt,tuned_global_f1,0.9296,0.942,0.8812,0.9836,0.07548,0.1168,0.5472,5.332,30.8,0.005366,0.003338,0.006452,0.005686,0.005406,0.006268,0.04177,,2.893,5
dwell,3e-05,pelt,tuned_global_f1_x_level_acc,0.9296,0.942,0.8812,0.9836,0.07548,0.1168,0.5472,5.332,30.8,0.005366,0.003338,0.006452,0.005686,0.005406,0.006268,0.04177,,2.893,5
dwell,3e-05,pelt,tuned_per_scenario_f1,0.9329,0.9414,0.8821,0.9899,0.07538,0.1164,0.5476,5.332,30.83,0.005571,0.001868,0.00637,0.005117,0.005297,0.006071,0.04249,,2.806,5
dwell,3e-05,pelt,tuned_per_scenario_f1_x_level_acc,0.9329,0.9414,0.8821,0.9899,0.07538,0.1164,0.5476,5.332,30.83,0.005571,0.001868,0.00637,0.005117,0.005297,0.006071,0.04249,,2.806,5
dwell,3e-05,rolling_median_2gmm,default,0.9285,0.9456,0.9703,0.8903,0.0897,0.1122,,,6.356,0.01151,0.01281,0.006973,0.02101,0.008827,0.00623,,,0.6209,5
dwell,3e-05,rolling_median_2gmm,tuned_global_f1,0.8474,0.9599,0.8151,0.8826,0.149,0.08856,,,5.867,0.03277,0.01246,0.04038,0.02381,0.02694,0.01295,,,0.5806,5
dwell,3e-05,rolling_median_2gmm,tuned_per_scenario_f1,0.9317,0.9499,0.9723,0.8946,0.08815,0.1088,,,3.045,0.01157,0.01169,0.008814,0.0191,0.008979,0.009359,,,0.6057,5
dwell,3e-05,threshold,default,0.8051,0.9805,0.7906,0.8203,0.3828,0.2659,,,0.05835,0.0123,0.003603,0.01237,0.0137,0.02227,0.008456,,,0.008314,5
dwell,3e-05,threshold,tuned_global_f1,0.6359,0.9805,0.6243,0.648,0.4941,0.3132,,,0.06826,0.03554,0.003603,0.03312,0.0383,0.01766,0.00728,,,0.00686,5
dwell,3e-05,threshold,tuned_per_scenario_f1,0.9478,0.9805,0.9306,0.9656,0.2331,0.1964,,,0.07053,0.01472,0.003603,0.01811,0.01206,0.01675,0.01096,,,0.008872,5
dwell,3e-05,threshold+nanotrees,default,0.8051,0.9805,0.7906,0.8203,0.3828,0.2659,0.5323,,6.03,0.0123,0.003603,0.01237,0.0137,0.02227,0.008456,0.02849,,0.4406,5
dwell,3e-05,threshold+nanotrees,tuned_global_f1,0.8051,0.9805,0.7906,0.8203,0.3828,0.2659,0.5323,,6.161,0.0123,0.003603,0.01237,0.0137,0.02227,0.008456,0.02849,,0.3366,5
dwell,3e-05,threshold+nanotrees,tuned_global_f1_x_level_acc,0.3057,0.9805,0.3003,0.3114,0.2475,0.2293,0.5755,13.37,6.127,0.02352,0.003603,0.02443,0.02258,0.05629,0.02431,0.04181,6.909,0.3057,5
dwell,3e-05,threshold+nanotrees,tuned_per_scenario_f1,0.8051,0.9805,0.7906,0.8203,0.3828,0.2659,0.5323,,6.161,0.0123,0.003603,0.01237,0.0137,0.02227,0.008456,0.02849,,0.3366,5
dwell,3e-05,threshold+nanotrees,tuned_per_scenario_f1_x_level_acc,0.8051,0.9805,0.7906,0.8203,0.3828,0.2659,0.5323,,6.161,0.0123,0.003603,0.01237,0.0137,0.02227,0.008456,0.02849,,0.3366,5
dwell,0.0001,autonanopore,default,0,0,0,0,,,,,0.541,0,0,0,0,,,,,0.02028,5
dwell,0.0001,autonanopore,tuned_global_f1,0.9085,0.9172,0.8401,0.9894,0.1309,0.2438,,,1.042,0.01583,0.0161,0.02524,0.006549,0.01204,0.0106,,,0.04923,5
dwell,0.0001,autonanopore,tuned_per_scenario_f1,0.9496,0.9617,0.9175,0.9842,0.1303,0.2356,,,2.45,0.01643,0.01332,0.02632,0.008814,0.008639,0.006588,,,0.1613,5
dwell,0.0001,mosaic,default,0.5807,0.8576,0.5105,0.6735,0.04107,0.05581,0.8181,,2.606,0.04141,0.01205,0.03827,0.04604,0.01523,0.006129,0.04385,,0.1556,5
dwell,0.0001,mosaic,tuned_global_f1,0.9083,0.9531,0.8677,0.9531,0.02753,0.0704,0.5726,4.849,2.647,0.007139,0.009794,0.0139,0.006815,0.00254,0.005772,0.03291,1.383,0.1237,5
dwell,0.0001,mosaic,tuned_global_f1_x_level_acc,0.9083,0.9531,0.8677,0.9531,0.02753,0.0704,0.5726,4.849,2.647,0.007139,0.009794,0.0139,0.006815,0.00254,0.005772,0.03291,1.383,0.1237,5
dwell,0.0001,mosaic,tuned_per_scenario_f1,0.9083,0.9531,0.8677,0.9531,0.02753,0.0704,0.5726,4.849,2.647,0.007139,0.009794,0.0139,0.006815,0.00254,0.005772,0.03291,1.383,0.1237,5
dwell,0.0001,mosaic,tuned_per_scenario_f1_x_level_acc,0.7564,0.9354,0.7126,0.8059,0.03586,0.06477,0.7076,7.594,2.635,0.01834,0.00856,0.02101,0.01589,0.006135,0.007685,0.03433,1.618,0.1932,5
dwell,0.0001,nano_ext[dpgmm],default,0.1012,0.1012,0.05331,1,0.01962,0.06456,0.5662,,2.988,0.01329,0.01329,0.007384,0,0.009253,0.02266,0.1389,,0.0554,5
dwell,0.0001,nano_ext[dpgmm],tuned_global_f1,0.9832,0.992,0.9754,0.991,0.2678,0.3231,0.5231,,4.44,0.008659,0.003903,0.01174,0.006304,0.01298,0.007601,0.03046,,0.1698,5
dwell,0.0001,nano_ext[dpgmm],tuned_global_f1_x_level_acc,0.9966,0.9984,0.9951,0.9982,0.05395,0.1112,0.5247,,4.278,0.003858,0.00239,0.004979,0.004029,0.002394,0.009266,0.02721,,0.05078,5
dwell,0.0001,nano_ext[dpgmm],tuned_per_scenario_f1,0.9966,0.9984,0.9951,0.9982,0.05395,0.1112,0.5247,,4.278,0.003858,0.00239,0.004979,0.004029,0.002394,0.009266,0.02721,,0.05078,5
dwell,0.0001,nano_ext[dpgmm],tuned_per_scenario_f1_x_level_acc,0.995,0.995,0.9902,1,0.05368,0.1111,0.5242,,4.425,0.003527,0.003527,0.006997,0,0.002123,0.009198,0.0296,,0.1407,5
dwell,0.0001,nano_ext[gmm],default,0.1029,0.1029,0.05428,1,0.0214,0.06541,0.5598,,9.287,0.01517,0.01517,0.00844,0,0.01103,0.0217,0.1479,,0.3083,5
dwell,0.0001,nano_ext[gmm],tuned_global_f1,0.7925,0.7949,0.6582,0.9971,0.2412,0.2769,0.5551,,11.65,0.02459,0.02718,0.03487,0.003975,0.01934,0.01252,0.05003,,0.3635,5
dwell,0.0001,nano_ext[gmm],tuned_global_f1_x_level_acc,0.995,0.995,0.9902,1,0.05332,0.1119,0.5242,,12.35,0.003527,0.003527,0.006997,0,0.002999,0.008548,0.0296,,0.5806,5
dwell,0.0001,nano_ext[gmm],tuned_per_scenario_f1,0.9966,0.9984,0.9951,0.9982,0.0537,0.112,0.5247,,12.69,0.003858,0.00239,0.004979,0.004029,0.003092,0.008538,0.02721,,0.9937,5
dwell,0.0001,nano_ext[gmm],tuned_per_scenario_f1_x_level_acc,0.9966,0.9984,0.9951,0.9982,0.0537,0.112,0.5247,,12.69,0.003858,0.00239,0.004979,0.004029,0.003092,0.008538,0.02721,,0.9937,5
dwell,0.0001,pelt,default,0.9733,0.9733,0.9989,0.949,0.02254,0.04825,0.7994,3.209,9.207,0.01007,0.01007,0.002404,0.01784,0.003715,0.001709,0.01444,0.5298,0.4514,5
dwell,0.0001,pelt,tuned_global_f1,0.999,0.999,0.9989,0.9991,0.02269,0.04869,0.6688,2.857,27.18,0.001363,0.001363,0.002404,0.002005,0.004035,0.002174,0.02303,0.5141,1.781,5
dwell,0.0001,pelt,tuned_global_f1_x_level_acc,0.999,0.999,0.9989,0.9991,0.02269,0.04869,0.6688,2.857,27.18,0.001363,0.001363,0.002404,0.002005,0.004035,0.002174,0.02303,0.5141,1.781,5
dwell,0.0001,pelt,tuned_per_scenario_f1,0.9995,0.9995,0.9989,1,0.02262,0.04815,0.6708,2.857,27.43,0.001205,0.001205,0.002404,0,0.003991,0.001616,0.02387,0.5141,1.922,5
dwell,0.0001,pelt,tuned_per_scenario_f1_x_level_acc,0.9733,0.9733,0.9989,0.949,0.02254,0.04825,0.7994,3.209,10.26,0.01007,0.01007,0.002404,0.01784,0.003715,0.001709,0.01444,0.5298,0.562,5
dwell,0.0001,rolling_median_2gmm,default,0.9251,0.9295,0.9952,0.8649,0.02935,0.04657,,,6.175,0.02457,0.02229,0.004696,0.04089,0.002375,0.002124,,,0.4247,5
dwell,0.0001,rolling_median_2gmm,tuned_global_f1,0.9264,0.9787,0.9083,0.9454,0.05155,0.04675,,,5.946,0.02504,0.008477,0.03191,0.01755,0.004733,0.002814,,,0.4108,5
dwell,0.0001,rolling_median_2gmm,tuned_per_scenario_f1,0.9251,0.9295,0.9952,0.8649,0.02935,0.04657,,,6.54,0.02457,0.02229,0.004696,0.04089,0.002375,0.002124,,,0.35,5
dwell,0.0001,threshold,default,0.9901,0.9989,0.9901,0.9901,0.1383,0.1057,,,0.06315,0.003096,0.002404,0.003096,0.003096,0.008495,0.008049,,,0.009697,5
dwell,0.0001,threshold,tuned_global_f1,0.9616,0.9989,0.9616,0.9616,0.2066,0.1515,,,0.07407,0.01757,0.002404,0.01757,0.01757,0.01547,0.004742,,,0.005467,5
dwell,0.0001,threshold,tuned_per_scenario_f1,0.9974,0.9974,0.996,0.9989,0.07093,0.06121,,,0.07667,0.003307,0.003307,0.004438,0.002417,0.004361,0.002814,,,0.00924,5
dwell,0.0001,threshold+nanotrees,default,0.9901,0.9989,0.9901,0.9901,0.1383,0.1057,0.5215,,6.048,0.003096,0.002404,0.003096,0.003096,0.008495,0.008049,0.02568,,0.3217,5
dwell,0.0001,threshold+nanotrees,tuned_global_f1,0.9901,0.9989,0.9901,0.9901,0.1383,0.1057,0.5215,,6.002,0.003096,0.002404,0.003096,0.003096,0.008495,0.008049,0.02568,,0.3587,5
dwell,0.0001,threshold+nanotrees,tuned_global_f1_x_level_acc,0.8642,0.9989,0.8642,0.8642,0.05972,0.06528,0.7204,12.81,5.99,0.01296,0.002404,0.01296,0.01296,0.006164,0.005211,0.03184,2.07,0.361,5
dwell,0.0001,threshold+nanotrees,tuned_per_scenario_f1,0.9901,0.9989,0.9901,0.9901,0.1383,0.1057,0.5215,,6.002,0.003096,0.002404,0.003096,0.003096,0.008495,0.008049,0.02568,,0.3587,5
dwell,0.0001,threshold+nanotrees,tuned_per_scenario_f1_x_level_acc,0.8642,0.9989,0.8642,0.8642,0.05972,0.06528,0.7204,12.81,5.99,0.01296,0.002404,0.01296,0.01296,0.006164,0.005211,0.03184,2.07,0.361,5
dwell,0.0003,autonanopore,default,0,0,0,0,,,,,0.5868,0,0,0,0,,,,,0.02505,5
dwell,0.0003,autonanopore,tuned_global_f1,0.9043,0.9065,0.8297,0.9964,0.04107,0.3072,,,1.093,0.03907,0.04066,0.06387,0.003289,0.001676,0.009112,,,0.05832,5
dwell,0.0003,autonanopore,tuned_per_scenario_f1,0.9494,0.9525,0.9074,0.9956,0.04231,0.2955,,,2.426,0.0133,0.01541,0.02391,0.002479,0.001393,0.01127,,,0.07986,5
dwell,0.0003,mosaic,default,0.5662,0.7713,0.4654,0.7246,0.05124,0.04438,0.7471,,2.946,0.02887,0.04085,0.03595,0.01913,0.02978,0.005983,0.05266,,0.2323,5
dwell,0.0003,mosaic,tuned_global_f1,0.923,0.9769,0.9022,0.9449,0.01111,0.04436,0.7159,5.115,2.891,0.009732,0.00638,0.01272,0.009574,0.0008403,0.002246,0.01537,1.363,0.2767,5
dwell,0.0003,mosaic,tuned_global_f1_x_level_acc,0.923,0.9769,0.9022,0.9449,0.01111,0.04436,0.7159,5.115,2.891,0.009732,0.00638,0.01272,0.009574,0.0008403,0.002246,0.01537,1.363,0.2767,5
dwell,0.0003,mosaic,tuned_per_scenario_f1,0.923,0.9769,0.9022,0.9449,0.01111,0.04436,0.7159,5.115,2.891,0.009732,0.00638,0.01272,0.009574,0.0008403,0.002246,0.01537,1.363,0.2767,5
dwell,0.0003,mosaic,tuned_per_scenario_f1_x_level_acc,0.8949,0.9813,0.881,0.9092,0.01565,0.06023,0.842,6.697,2.674,0.01975,0.004769,0.02106,0.01872,0.00204,0.008922,0.0168,0.6445,0.1311,5
dwell,0.0003,nano_ext[dpgmm],default,0.8451,0.8451,0.7323,1,0.01529,0.03786,0.5317,3.484,3.337,0.02161,0.02161,0.03233,0,0.002389,0.002463,0.06136,3.228,0.2058,5
dwell,0.0003,nano_ext[dpgmm],tuned_global_f1,0.9976,0.9986,0.9962,0.999,0.08804,0.1265,0.5241,,4.351,0.004246,0.002173,0.006349,0.002203,0.006427,0.003437,0.02441,,0.2454,5
dwell,0.0003,nano_ext[dpgmm],tuned_global_f1_x_level_acc,1,1,1,1,0.01856,0.04441,0.53,3.484,4.525,0,0,0,0,0.001727,0.001828,0.02758,3.228,0.1846,5
dwell,0.0003,nano_ext[dpgmm],tuned_per_scenario_f1,0.9976,0.9986,0.9962,0.999,0.08804,0.1265,0.5241,,4.351,0.004246,0.002173,0.006349,0.002203,0.006427,0.003437,0.02441,,0.2454,5
dwell,0.0003,nano_ext[dpgmm],tuned_per_scenario_f1_x_level_acc,1,1,1,1,0.01856,0.04441,0.53,3.484,4.525,0,0,0,0,0.001727,0.001828,0.02758,3.228,0.1846,5
dwell,0.0003,nano_ext[gmm],default,0.8451,0.8451,0.7323,1,0.01519,0.0379,0.5403,34.24,8.322,0.02161,0.02161,0.03233,0,0.002387,0.002445,0.05812,63.67,0.4193,5
dwell,0.0003,nano_ext[gmm],tuned_global_f1,0.9822,0.9862,0.9889,0.9762,0.1349,0.1494,0.5286,248,10.93,0.02296,0.01667,0.009544,0.0411,0.04917,0.02376,0.02715,299,0.2893,5
dwell,0.0003,nano_ext[gmm],tuned_global_f1_x_level_acc,1,1,1,1,0.01847,0.04464,0.5362,34.24,11.23,0,0,0,0,0.001685,0.001739,0.02499,63.67,0.4381,5
dwell,0.0003,nano_ext[gmm],tuned_per_scenario_f1,1,1,1,1,0.01847,0.04464,0.5362,34.24,11.51,0,0,0,0,0.001685,0.001739,0.02499,63.67,0.4099,5
dwell,0.0003,nano_ext[gmm],tuned_per_scenario_f1_x_level_acc,1,1,1,1,0.01847,0.04464,0.5362,34.24,11.51,0,0,0,0,0.001685,0.001739,0.02499,63.67,0.4099,5
dwell,0.0003,pelt,default,0.9785,0.9785,1,0.9579,0.007451,0.03549,0.8999,3.476,8.97,0.009009,0.009009,0,0.01739,0.0008584,0.003075,0.02136,0.5124,0.3078,5
dwell,0.0003,pelt,tuned_global_f1,1,1,1,1,0.007589,0.03436,0.9373,3.404,26.83,0,0,0,0,0.0005666,0.003141,0.0213,0.6429,2.221,5
dwell,0.0003,pelt,tuned_global_f1_x_level_acc,1,1,1,1,0.007589,0.03436,0.9373,3.404,26.83,0,0,0,0,0.0005666,0.003141,0.0213,0.6429,2.221,5
dwell,0.0003,pelt,tuned_per_scenario_f1,1,1,1,1,0.007589,0.03436,0.9383,3.404,26.99,0,0,0,0,0.0005666,0.003141,0.0218,0.643,2.16,5
dwell,0.0003,pelt,tuned_per_scenario_f1_x_level_acc,1,1,1,1,0.007589,0.03436,0.9383,3.404,26.99,0,0,0,0,0.0005666,0.003141,0.0218,0.643,2.16,5
dwell,0.0003,rolling_median_2gmm,default,0.8486,0.8545,0.9932,0.7419,0.009913,0.03074,,,6.365,0.03165,0.03285,0.005249,0.04915,0.001454,0.0008747,,,0.4969,5
dwell,0.0003,rolling_median_2gmm,tuned_global_f1,0.9407,0.9765,0.9268,0.9552,0.0152,0.03107,,,5.879,0.02139,0.007471,0.029,0.01347,0.001263,0.002899,,,0.5651,5
dwell,0.0003,rolling_median_2gmm,tuned_per_scenario_f1,0.9421,0.979,0.9257,0.9591,0.01413,0.03032,,,3.355,0.02235,0.008405,0.02846,0.01611,0.0009492,0.003514,,,0.3298,5
dwell,0.0003,threshold,default,1,1,1,1,0.04837,0.03743,,,0.06158,0,0,0,0,0.001752,0.002104,,,0.008437,5
dwell,0.0003,threshold,tuned_global_f1,0.9989,1,0.9989,0.9989,0.07478,0.05142,,,0.07059,0.002431,0,0.002431,0.002431,0.004034,0.002517,,,0.008399,5
dwell,0.0003,threshold,tuned_per_scenario_f1,1,1,1,1,0.04837,0.03743,,,0.07523,0,0,0,0,0.001752,0.002104,,,0.009234,5
dwell,0.0003,threshold+nanotrees,default,1,1,1,1,0.04837,0.03743,0.524,,6.158,0,0,0,0,0.001752,0.002104,0.02553,,0.341,5
dwell,0.0003,threshold+nanotrees,tuned_global_f1,1,1,1,1,0.04837,0.03743,0.524,,5.981,0,0,0,0,0.001752,0.002104,0.02553,,0.2149,5
dwell,0.0003,threshold+nanotrees,tuned_global_f1_x_level_acc,0.9948,1,0.9948,0.9948,0.02298,0.04081,0.8147,12.1,6.116,0.005171,0,0.005171,0.005171,0.001117,0.003157,0.01624,1.102,0.4294,5
dwell,0.0003,threshold+nanotrees,tuned_per_scenario_f1,0.9948,1,0.9948,0.9948,0.02298,0.04081,0.8147,12.1,6.116,0.005171,0,0.005171,0.005171,0.001117,0.003157,0.01624,1.102,0.4294,5
dwell,0.0003,threshold+nanotrees,tuned_per_scenario_f1_x_level_acc,0.9948,1,0.9948,0.9948,0.02298,0.04081,0.8147,12.1,6.116,0.005171,0,0.005171,0.005171,0.001117,0.003157,0.01624,1.102,0.4294,5
dwell,0.001,autonanopore,default,0,0,0,0,,,,,0.5365,0,0,0,0,,,,,0.0178,5
dwell,0.001,autonanopore,tuned_global_f1,0.7707,0.8215,0.657,0.9324,0.0128,0.3259,,,1.208,0.02518,0.01388,0.02747,0.01963,0.002279,0.02635,,,0.06774,5
dwell,0.001,autonanopore,tuned_per_scenario_f1,0.769,0.8044,0.6435,0.9558,0.01303,0.3238,,,1.141,0.02562,0.01399,0.02894,0.01662,0.002177,0.02877,,,0.08901,5
dwell,0.001,mosaic,default,0.2518,0.2937,0.1541,0.7317,0.009637,0.03199,0.8634,,4.014,0.08777,0.08569,0.06177,0.0791,0.004252,0.007069,0.03484,,0.3129,5
dwell,0.001,mosaic,tuned_global_f1,0.8278,0.9361,0.7783,0.8844,0.003242,0.03344,0.856,5.872,3.35,0.02399,0.01749,0.03014,0.02394,0.0003761,0.005157,0.04595,0.8417,0.2995,5
dwell,0.001,mosaic,tuned_global_f1_x_level_acc,0.8278,0.9361,0.7783,0.8844,0.003242,0.03344,0.856,5.872,3.35,0.02399,0.01749,0.03014,0.02394,0.0003761,0.005157,0.04595,0.8417,0.2995,5
dwell,0.001,mosaic,tuned_per_scenario_f1,0.8278,0.9361,0.7783,0.8844,0.003242,0.03344,0.856,5.872,3.35,0.02399,0.01749,0.03014,0.02394,0.0003761,0.005157,0.04595,0.8417,0.2995,5
dwell,0.001,mosaic,tuned_per_scenario_f1_x_level_acc,0.8278,0.9361,0.7783,0.8844,0.003242,0.03344,0.856,5.872,3.35,0.02399,0.01749,0.03014,0.02394,0.0003761,0.005157,0.04595,0.8417,0.2995,5
dwell,0.001,nano_ext[dpgmm],default,0.9983,0.9983,0.9967,1,0.005142,0.02472,0.7868,4.395,5.416,0.002515,0.002515,0.005003,0,0.0003454,0.002227,0.02086,1.388,0.3034,5
dwell,0.001,nano_ext[dpgmm],tuned_global_f1,1,1,1,1,0.02592,0.04368,0.6343,5.789,5.586,0,0,0,0,0.001516,0.003253,0.02522,1.535,0.1505,5
dwell,0.001,nano_ext[dpgmm],tuned_global_f1_x_level_acc,0.9995,0.9995,1,0.9989,0.005153,0.02478,0.7854,4.395,7.587,0.001199,0.001199,0,0.002392,0.0003353,0.002142,0.02024,1.388,0.416,5
dwell,0.001,nano_ext[dpgmm],tuned_per_scenario_f1,0.9983,0.9983,0.9967,1,0.005142,0.02472,0.7868,4.395,7.531,0.002515,0.002515,0.005003,0,0.0003454,0.002227,0.02086,1.388,0.3042,5
dwell,0.001,nano_ext[dpgmm],tuned_per_scenario_f1_x_level_acc,0.9983,0.9983,0.9967,1,0.005142,0.02472,0.7868,4.395,7.531,0.002515,0.002515,0.005003,0,0.0003454,0.002227,0.02086,1.388,0.3042,5
dwell,0.001,nano_ext[gmm],default,0.9983,0.9983,0.9967,1,0.01084,0.02688,0.7616,5.339,13.4,0.002515,0.002515,0.005003,0,0.004417,0.001355,0.02357,1.236,0.3849,5
dwell,0.001,nano_ext[gmm],tuned_global_f1,0.8588,0.8588,1,0.8183,0.05339,0.0652,0.5434,12.4,16.59,0.2783,0.2783,0,0.3379,0.02943,0.02493,0.0335,2.033,0.2382,5
dwell,0.001,nano_ext[gmm],tuned_global_f1_x_level_acc,0.9425,0.9425,1,0.9076,0.01085,0.02688,0.7602,5.339,18.54,0.1169,0.1169,0,0.1839,0.004412,0.001354,0.02256,1.236,0.7002,5
dwell,0.001,nano_ext[gmm],tuned_per_scenario_f1,0.9983,0.9983,0.9967,1,0.01084,0.02688,0.7616,5.339,18.16,0.002515,0.002515,0.005003,0,0.004417,0.001355,0.02357,1.236,0.4126,5
dwell,0.001,nano_ext[gmm],tuned_per_scenario_f1_x_level_acc,0.9983,0.9983,0.9967,1,0.01084,0.02688,0.7616,5.339,18.16,0.002515,0.002515,0.005003,0,0.004417,0.001355,0.02357,1.236,0.4126,5
dwell,0.001,pelt,default,0.9876,0.9876,1,0.9756,0.002325,0.02917,0.8329,3.177,10.04,0.002975,0.002975,0,0.005815,0.0002012,0.004154,0.0243,0.4808,0.4948,5
dwell,0.001,pelt,tuned_global_f1,1,1,1,1,0.002275,0.02893,0.9978,3.122,27.01,0,0,0,0,0.0001959,0.004102,0.003021,0.4626,2.553,5
dwell,0.001,pelt,tuned_global_f1_x_level_acc,1,1,1,1,0.002275,0.02893,0.9978,3.122,27.01,0,0,0,0,0.0001959,0.004102,0.003021,0.4626,2.553,5
dwell,0.001,pelt,tuned_per_scenario_f1,1,1,1,1,0.002275,0.02893,0.9978,3.122,27.66,0,0,0,0,0.0001959,0.004102,0.003021,0.4626,2.159,5
dwell,0.001,pelt,tuned_per_scenario_f1_x_level_acc,1,1,1,1,0.002298,0.02893,0.9914,3.122,32.9,0,0,0,0,0.0001993,0.004102,0.00528,0.4857,2.37,5
dwell,0.001,rolling_median_2gmm,default,0.701,0.7053,0.994,0.543,0.003024,0.02416,,,6.49,0.04527,0.04681,0.006295,0.05487,0.0002968,0.003047,,,0.254,5
dwell,0.001,rolling_median_2gmm,tuned_global_f1,0.9634,0.9792,0.9551,0.9721,0.004136,0.02465,,,5.943,0.01786,0.008999,0.02706,0.01164,0.000674,0.002357,,,0.3948,5
dwell,0.001,rolling_median_2gmm,tuned_per_scenario_f1,0.9634,0.9792,0.9551,0.9721,0.004136,0.02465,,,5.943,0.01786,0.008999,0.02706,0.01164,0.000674,0.002357,,,0.3948,5
dwell,0.001,threshold,default,0.9995,0.9995,1,0.9989,0.01367,0.02401,,,0.05527,0.001199,0.001199,0,0.002392,0.001249,0.002756,,,0.004119,5
dwell,0.001,threshold,tuned_global_f1,1,1,1,1,0.02149,0.02413,,,0.07356,0,0,0,0,0.001699,0.002302,,,0.003516,5
dwell,0.001,threshold,tuned_per_scenario_f1,1,1,1,1,0.02149,0.02413,,,0.07786,0,0,0,0,0.001699,0.002302,,,0.007418,5
dwell,0.001,threshold+nanotrees,default,0.9995,0.9995,1,0.9989,0.01367,0.02401,0.5232,,7.134,0.001199,0.001199,0,0.002392,0.001249,0.002756,0.01954,,0.3738,5
dwell,0.001,threshold+nanotrees,tuned_global_f1,0.9995,0.9995,1,0.9989,0.01367,0.02401,0.5232,,6.995,0.001199,0.001199,0,0.002392,0.001249,0.002756,0.01954,,0.3639,5
dwell,0.001,threshold+nanotrees,tuned_global_f1_x_level_acc,0.9995,0.9995,1,0.9989,0.006857,0.02425,0.9506,12.93,7.006,0.001199,0.001199,0,0.002392,0.001245,0.002241,0.009989,1.267,0.405,5
dwell,0.001,threshold+nanotrees,tuned_per_scenario_f1,0.9995,0.9995,1,0.9989,0.01009,0.02576,0.4678,12.95,7.064,0.001199,0.001199,0,0.002392,0.001464,0.00305,0.01764,1.015,0.3626,5
dwell,0.001,threshold+nanotrees,tuned_per_scenario_f1_x_level_acc,0.9995,0.9995,1,0.9989,0.006857,0.02425,0.9506,12.93,7.006,0.001199,0.001199,0,0.002392,0.001245,0.002241,0.009989,1.267,0.405,5
dwell,0.01,autonanopore,default,0.09565,0.1489,0.05159,0.72,0.001557,0.344,,,0.7031,0.02764,0.05329,0.01451,0.3114,0.001381,0.2193,,,0.03828,5
dwell,0.01,autonanopore,tuned_global_f1,0,0.09773,0,0,,,,,1.523,0,0.008503,0,0,,,,,0.03189,5
dwell,0.01,autonanopore,tuned_per_scenario_f1,0.09565,0.1489,0.05159,0.72,0.001557,0.344,,,0.6784,0.02764,0.05329,0.01451,0.3114,0.001381,0.2193,,,0.03154,5
dwell,0.01,mosaic,default,0,0.07869,0,0,,,,,11.14,0,0.03989,0,0,,,,,1.551,5
dwell,0.01,mosaic,tuned_global_f1,0.7576,0.936,0.7127,0.8092,0.0003379,0.02701,0.7345,6.313,6.461,0.03632,0.0208,0.04566,0.02866,9.676e-05,0.004852,0.04058,4.311,0.8573,5
dwell,0.01,mosaic,tuned_global_f1_x_level_acc,0.7576,0.936,0.7127,0.8092,0.0003379,0.02701,0.7345,6.313,6.461,0.03632,0.0208,0.04566,0.02866,9.676e-05,0.004852,0.04058,4.311,0.8573,5
dwell,0.01,mosaic,tuned_per_scenario_f1,0.7531,0.9486,0.7241,0.7847,0.0006763,0.02828,0.7068,6.952,6.415,0.03674,0.00602,0.04126,0.03317,0.0001855,0.001877,0.04386,0.4421,0.7252,5
dwell,0.01,mosaic,tuned_per_scenario_f1_x_level_acc,0.7043,0.7694,0.5741,0.9153,0.0002614,0.02147,0.8476,,12.41,0.05362,0.04611,0.06266,0.03966,3.619e-05,0.004314,0.06926,,1.555,5
dwell,0.01,nano_ext[dpgmm],default,0.997,0.997,1,0.9941,0.0005254,0.02055,1,4.182,13.75,0.002715,0.002715,0,0.005403,9.712e-05,0.002781,0,0.6615,1.643,5
dwell,0.01,nano_ext[dpgmm],tuned_global_f1,1,1,1,1,0.002402,0.02049,1,7.716,11.57,0,0,0,0,0.0004129,0.003085,0,1.832,1.32,5
dwell,0.01,nano_ext[dpgmm],tuned_global_f1_x_level_acc,0.997,0.997,1,0.9941,0.0005254,0.02055,1,4.182,20.03,0.002715,0.002715,0,0.005403,9.712e-05,0.002781,0,0.6615,2.571,5
dwell,0.01,nano_ext[dpgmm],tuned_per_scenario_f1,1,1,1,1,0.002402,0.02049,1,7.716,11.56,0,0,0,0,0.0004129,0.003085,0,1.832,1.282,5
dwell,0.01,nano_ext[dpgmm],tuned_per_scenario_f1_x_level_acc,1,1,1,1,0.002402,0.02049,1,7.716,11.56,0,0,0,0,0.0004129,0.003085,0,1.832,1.282,5
dwell,0.01,nano_ext[gmm],default,0.9991,0.9991,1,0.9982,0.0007977,0.0204,0.8902,4.259,16.92,0.002061,0.002061,0,0.004103,0.0003837,0.002681,0.02245,0.7533,1.251,5
dwell,0.01,nano_ext[gmm],tuned_global_f1,1,1,1,1,0.002261,0.02065,0.4761,6.658,24.95,0,0,0,0,0.0002272,0.003257,0.03675,1.979,2.055,5
dwell,0.01,nano_ext[gmm],tuned_global_f1_x_level_acc,0.9891,0.9891,1,0.9786,0.0007977,0.0204,0.8902,4.259,24.96,0.013,0.013,0,0.02535,0.0003837,0.002681,0.02245,0.7533,1.799,5
dwell,0.01,nano_ext[gmm],tuned_per_scenario_f1,1,1,1,1,0.002261,0.02065,0.4761,6.658,24.64,0,0,0,0,0.0002272,0.003257,0.03675,1.979,2.459,5
dwell,0.01,nano_ext[gmm],tuned_per_scenario_f1_x_level_acc,0.9991,0.9991,1,0.9982,0.0007977,0.0204,0.8902,4.259,24.77,0.002061,0.002061,0,0.004103,0.0003837,0.002681,0.02245,0.7533,1.768,5
dwell,0.01,pelt,default,0.9977,0.9977,1,0.9955,0.0002239,0.02515,0.6192,2.936,38.57,0.003107,0.003107,0,0.006179,1.531e-05,0.004892,0.05895,0.6871,4.592,5
dwell,0.01,pelt,tuned_global_f1,1,1,1,1,0.0002247,0.02496,0.9403,2.714,84.57,0,0,0,0,2.15e-05,0.00464,0.04032,0.7907,3.463,5
dwell,0.01,pelt,tuned_global_f1_x_level_acc,1,1,1,1,0.0002247,0.02496,0.9403,2.714,84.57,0,0,0,0,2.15e-05,0.00464,0.04032,0.7907,3.463,5
dwell,0.01,pelt,tuned_per_scenario_f1,1,1,1,1,0.0002247,0.02496,0.9403,2.714,84.57,0,0,0,0,2.15e-05,0.00464,0.04032,0.7907,3.463,5
dwell,0.01,pelt,tuned_per_scenario_f1_x_level_acc,1,1,1,1,0.0002219,0.02496,1,2.756,110.7,0,0,0,0,2.456e-05,0.00464,0,0.9038,11.47,5
dwell,0.01,rolling_median_2gmm,default,0.2498,0.258,0.9691,0.1439,0.0003531,0.03291,,,9.726,0.04197,0.0447,0.02407,0.02774,5.594e-05,0.005935,,,1.124,5
dwell,0.01,rolling_median_2gmm,tuned_global_f1,0.9283,0.9283,1,0.8665,0.0003074,0.03284,,,10.1,0.01368,0.01368,0,0.02395,4.362e-05,0.007663,,,0.2225,5
dwell,0.01,rolling_median_2gmm,tuned_per_scenario_f1,0.9262,0.9262,1,0.8628,0.0003121,0.03397,,,9.064,0.01313,0.01313,0,0.02259,3.9e-05,0.00794,,,0.5774,5
dwell,0.01,threshold,default,0.9813,0.9813,1,0.9635,0.001153,0.02564,,,0.1134,0.01068,0.01068,0,0.02058,0.0001219,0.003416,,,0.07336,5
dwell,0.01,threshold,tuned_global_f1,0.998,0.998,1,0.9959,0.001821,0.02417,,,0.1078,0.002798,0.002798,0,0.005567,0.0002992,0.004056,,,0.004609,5
dwell,0.01,threshold,tuned_per_scenario_f1,0.998,0.998,1,0.9959,0.001821,0.02417,,,0.1078,0.002798,0.002798,0,0.005567,0.0002992,0.004056,,,0.004609,5
dwell,0.01,threshold+nanotrees,default,0.9813,0.9813,1,0.9635,0.001153,0.02564,0.5191,,13.22,0.01068,0.01068,0,0.02058,0.0001219,0.003416,0.04161,,1.08,5
dwell,0.01,threshold+nanotrees,tuned_global_f1,0.9813,0.9813,1,0.9635,0.001153,0.02564,0.5191,,13.01,0.01068,0.01068,0,0.02058,0.0001219,0.003416,0.04161,,1.691,5
dwell,0.01,threshold+nanotrees,tuned_global_f1_x_level_acc,0.9601,0.9813,0.9783,0.9428,0.0005789,0.01387,0.9868,11.23,13.06,0.02458,0.01068,0.01522,0.03366,8.369e-05,0.001259,0.01001,1.959,1.12,5
dwell,0.01,threshold+nanotrees,tuned_per_scenario_f1,0.9813,0.9813,1,0.9635,0.0007319,0.02032,0.5191,,13.14,0.01068,0.01068,0,0.02058,0.0001319,0.00187,0.04161,,1.562,5
dwell,0.01,threshold+nanotrees,tuned_per_scenario_f1_x_level_acc,0.9601,0.9813,0.9783,0.9428,0.0005789,0.01387,0.9868,11.23,13.06,0.02458,0.01068,0.01522,0.03366,8.369e-05,0.001259,0.01001,1.959,1.12,5
dwell,0.1,autonanopore,default,0,0.009091,0,0,,,,,3.682,0,0.02033,0,0,,,,,0.2777,5
dwell,0.1,autonanopore,tuned_global_f1,0,0.1883,0,0,,,,,7.44,0,0.01283,0,0,,,,,0.5414,5
dwell,0.1,autonanopore,tuned_per_scenario_f1,0,0.1475,0,0,,,,,16.79,0,0.01571,0,0,,,,,0.4973,5
dwell,0.1,mosaic,default,0,0.2721,0,0,,,,,54.57,0,0.1202,0,0,,,,,12.18,5
dwell,0.1,mosaic,tuned_global_f1,0.08836,0.2666,0.05136,0.3443,0.2616,0.1082,0.4,,14.01,0.03721,0.09255,0.02177,0.1469,0.1758,0.05591,0.4183,,2.095,5
dwell,0.1,mosaic,tuned_global_f1_x_level_acc,0.08836,0.2666,0.05136,0.3443,0.2616,0.1082,0.4,,14.01,0.03721,0.09255,0.02177,0.1469,0.1758,0.05591,0.4183,,2.095,5
dwell,0.1,mosaic,tuned_per_scenario_f1,0.08471,0.2967,0.05136,0.2733,0.2618,0.1094,0.4,,13.91,0.03604,0.098,0.02177,0.1316,0.1761,0.05836,0.4183,,1.973,5
dwell,0.1,mosaic,tuned_per_scenario_f1_x_level_acc,0.06483,0.2653,0.06066,0.07805,0.2574,0.1233,0.4333,3.48e+04,14.25,0.02011,0.02822,0.02288,0.01833,0.1675,0.06434,0.4346,,3.08,5
dwell,0.1,nano_ext[dpgmm],default,0.9829,0.9829,1,0.9665,5.873e-05,0.01408,0.9907,4.972,32.74,0.005912,0.005912,0,0.01145,7.564e-06,0.002602,0.01274,1.481,3.811,5
dwell,0.1,nano_ext[dpgmm],tuned_global_f1,1,1,1,1,0.0002179,0.01403,1,6.854,25.56,0,0,0,0,3.291e-05,0.002593,0,1.646,1.507,5
dwell,0.1,nano_ext[dpgmm],tuned_global_f1_x_level_acc,0.9788,0.9788,1,0.9586,5.873e-05,0.01408,0.9907,4.972,44.32,0.01074,0.01074,0,0.02058,7.564e-06,0.002602,0.01274,1.481,3.408,5
dwell,0.1,nano_ext[dpgmm],tuned_per_scenario_f1,1,1,1,1,0.0002179,0.01403,1,6.854,25.26,0,0,0,0,3.291e-05,0.002593,0,1.646,1.877,5
dwell,0.1,nano_ext[dpgmm],tuned_per_scenario_f1_x_level_acc,1,1,1,1,0.0002179,0.01403,1,6.854,25.26,0,0,0,0,3.291e-05,0.002593,0,1.646,1.877,5
dwell,0.1,nano_ext[gmm],default,0.9898,0.9898,1,0.9799,6.975e-05,0.01407,0.9917,5.247,34.57,0.01031,0.01031,0,0.02021,3.191e-05,0.002589,0.01131,1.261,1.922,5
dwell,0.1,nano_ext[gmm],tuned_global_f1,1,1,1,1,0.0002131,0.01403,0.8813,6.885,49.33,0,0,0,0,2.746e-05,0.0026,0.07551,1.22,3.869,5
dwell,0.1,nano_ext[gmm],tuned_global_f1_x_level_acc,0.9433,0.9433,1,0.9046,6.975e-05,0.01407,0.9917,5.247,49.66,0.09847,0.09847,0,0.1582,3.191e-05,0.002589,0.01131,1.261,3.236,5
dwell,0.1,nano_ext[gmm],tuned_per_scenario_f1,1,1,1,1,0.0002131,0.01403,0.8813,6.885,48.85,0,0,0,0,2.746e-05,0.0026,0.07551,1.22,3.116,5
dwell,0.1,nano_ext[gmm],tuned_per_scenario_f1_x_level_acc,0.9898,0.9898,1,0.9799,6.975e-05,0.01407,0.9917,5.247,48.91,0.01031,0.01031,0,0.02021,3.191e-05,0.002589,0.01131,1.261,4.251,5
dwell,0.1,pelt,default,0.9851,0.9851,1,0.9707,1.963e-05,0.02291,0.04289,5.323,341.1,0.009384,0.009384,0,0.01835,2.804e-06,0.005059,0.0201,4.981,48.36,5
dwell,0.1,pelt,tuned_global_f1,1,1,1,1,1.891e-05,0.02244,0.2052,3.369,973.9,0,0,0,0,3.232e-06,0.005,0.08681,1.406,70.75,5
dwell,0.1,pelt,tuned_global_f1_x_level_acc,1,1,1,1,1.891e-05,0.02244,0.2052,3.369,973.9,0,0,0,0,3.232e-06,0.005,0.08681,1.406,70.75,5
dwell,0.1,pelt,tuned_per_scenario_f1,1,1,1,1,1.891e-05,0.02244,0.2052,3.369,973.9,0,0,0,0,3.232e-06,0.005,0.08681,1.406,70.75,5
dwell,0.1,pelt,tuned_per_scenario_f1_x_level_acc,,,,,,,,,,,,,,,,,,,5
dwell,0.1,rolling_median_2gmm,default,0.02051,0.0259,0.7883,0.01039,5.274e-05,0.0527,,,46.89,0.003567,0.003275,0.04907,0.001823,1.358e-05,0.009171,,,10.05,5
dwell,0.1,rolling_median_2gmm,tuned_global_f1,0.5549,0.5549,1,0.385,3.321e-05,0.03587,,,70.19,0.04241,0.04241,0,0.04035,7.854e-06,0.008683,,,15.87,5
dwell,0.1,rolling_median_2gmm,tuned_per_scenario_f1,0.5549,0.5549,1,0.385,3.321e-05,0.03587,,,70.19,0.04241,0.04241,0,0.04035,7.854e-06,0.008683,,,15.87,5
dwell,0.1,threshold,default,0.8064,0.8204,0.9829,0.6836,0.0001779,0.02881,,,1.508,0.01179,0.008883,0.009619,0.01424,3.519e-05,0.002596,,,0.1402,5
dwell,0.1,threshold,tuned_global_f1,0.9872,0.9872,1,0.9749,0.0001994,0.0225,,,0.7463,0.00924,0.00924,0,0.01805,3.972e-05,0.004816,,,0.1592,5
dwell,0.1,threshold,tuned_per_scenario_f1,0.954,0.954,1,0.9133,0.0001994,0.0225,,,0.7486,0.03091,0.03091,0,0.05544,3.972e-05,0.004816,,,0.09883,5
dwell,0.1,threshold+nanotrees,default,0.8064,0.8204,0.9829,0.6836,0.0001779,0.02881,0.5152,,48.21,0.01179,0.008883,0.009619,0.01424,3.519e-05,0.002596,0.04295,,3.389,5
dwell,0.1,threshold+nanotrees,tuned_global_f1,0.8064,0.8204,0.9829,0.6836,0.0001779,0.02881,0.5152,,50.07,0.01179,0.008883,0.009619,0.01424,3.519e-05,0.002596,0.04295,,3.933,5
dwell,0.1,threshold+nanotrees,tuned_global_f1_x_level_acc,0.7169,0.8204,0.8738,0.6078,9.145e-05,0.01263,0.8385,13.94,50.05,0.01515,0.008883,0.01485,0.01607,3.159e-05,0.002229,0.0428,2.914,3.39,5
dwell,0.1,threshold+nanotrees,tuned_per_scenario_f1,0.7837,0.7974,0.9829,0.6523,0.000127,0.02422,0.5152,,49.46,0.02374,0.0273,0.009619,0.03437,3.851e-05,0.003827,0.04295,,3.721,5
dwell,0.1,threshold+nanotrees,tuned_per_scenario_f1_x_level_acc,0.6969,0.7974,0.8738,0.5802,9.145e-05,0.01263,0.8385,13.94,50.44,0.03098,0.0273,0.01485,0.03835,3.159e-05,0.002229,0.0428,2.914,4.708,5
snr,2,autonanopore,default,0,0,0,0,,,,,0.5454,0,0,0,0,,,,,0.06297,5
snr,2,autonanopore,tuned_global_f1,0.03267,0.3488,0.02018,0.08631,0.3483,1.348,,,1.09,0.01897,0.02178,0.01182,0.04939,0.07174,0.08493,,,0.06389,5
snr,2,autonanopore,tuned_per_scenario_f1,0.04503,0.5748,0.03623,0.05977,0.2979,1.315,,,2.326,0.02723,0.02982,0.02214,0.03555,0.1262,0.1776,,,0.09589,5
snr,2,mosaic,default,0,0,0,0,,,,,1.7,0,0,0,0,,,,,0.1336,5
snr,2,mosaic,tuned_global_f1,0,0,0,0,,,,,3.611,0,0,0,0,,,,,0.1963,5
snr,2,mosaic,tuned_global_f1_x_level_acc,0,0,0,0,,,,,3.611,0,0,0,0,,,,,0.1963,5
snr,2,mosaic,tuned_per_scenario_f1,0,0.1715,0,0,,,,,3.574,0,0.03772,0,0,,,,,0.2774,5
snr,2,mosaic,tuned_per_scenario_f1_x_level_acc,0,0.1715,0,0,,,,,3.574,0,0.03772,0,0,,,,,0.2774,5
snr,2,nano_ext[dpgmm],default,0,0,0,0,,,,,3.609,0,0,0,0,,,,,0.2044,5
snr,2,nano_ext[dpgmm],tuned_global_f1,0.04786,0.4886,0.05311,0.04368,0.3594,0.2275,0.8792,,4.339,0.04389,0.2799,0.04864,0.04022,0.008401,0.01175,0.07108,,0.2421,5
snr,2,nano_ext[dpgmm],tuned_global_f1_x_level_acc,0,0.1514,0,0,,,,,4.527,0,0.04169,0,0,,,,,0.1785,5
snr,2,nano_ext[dpgmm],tuned_per_scenario_f1,0.06843,0.3615,0.05311,0.0964,0.3594,0.2275,0.8792,,4.617,0.06254,0.3164,0.04864,0.08809,0.008401,0.01175,0.07108,,0.1236,5
snr,2,nano_ext[dpgmm],tuned_per_scenario_f1_x_level_acc,0.06843,0.3615,0.05311,0.0964,0.3594,0.2275,0.8792,,4.617,0.06254,0.3164,0.04864,0.08809,0.008401,0.01175,0.07108,,0.1236,5
snr,2,nano_ext[gmm],default,0.04334,0.3757,0.02825,0.09327,0.3426,0.3071,0.9048,,9.413,0.01134,0.01515,0.007505,0.02368,0.08338,0.06109,0.08748,,0.2101,5
snr,2,nano_ext[gmm],tuned_global_f1,0.3669,0.8242,0.3769,0.3575,0.2831,0.131,0.7263,492.2,11.89,0.01645,0.01755,0.02213,0.01145,0.04114,0.01196,0.02747,49.72,0.1842,5
snr,2,nano_ext[gmm],tuned_global_f1_x_level_acc,0.01891,0.5403,0.03135,0.01354,0.3702,0.3096,0.8667,,11.06,0.0063,0.01265,0.01059,0.004487,0.0616,0.06153,0.1264,,0.2313,5
snr,2,nano_ext[gmm],tuned_per_scenario_f1,0.3767,0.4862,0.2524,0.7461,0.226,0.129,0.7225,492.2,11.75,0.03081,0.03091,0.02538,0.03987,0.06845,0.01656,0.02835,49.72,0.2337,5
snr,2,nano_ext[gmm],tuned_per_scenario_f1_x_level_acc,0.3767,0.4862,0.2524,0.7461,0.226,0.129,0.7225,492.2,11.75,0.03081,0.03091,0.02538,0.03987,0.06845,0.01656,0.02835,49.72,0.2337,5
snr,2,pelt,default,0.001961,0.08315,0.001075,0.01111,0.241,0.5711,1,,10.06,0.004384,0.03268,0.002404,0.02485,,,,,0.2879,5
snr,2,pelt,tuned_global_f1,0.6164,0.7013,0.4753,0.8786,0.0175,0.181,0.7783,,33.17,0.04439,0.02996,0.04375,0.04127,0.003463,0.02334,0.05444,,4.721,5
snr,2,pelt,tuned_global_f1_x_level_acc,0.6164,0.7013,0.4753,0.8786,0.0175,0.181,0.7783,,33.17,0.04439,0.02996,0.04375,0.04127,0.003463,0.02334,0.05444,,4.721,5
snr,2,pelt,tuned_per_scenario_f1,0.6261,0.6418,0.4613,0.9756,0.01618,0.18,0.7835,,41.12,0.02611,0.02311,0.0269,0.01661,0.002543,0.01993,0.03934,,2.796,5
snr,2,pelt,tuned_per_scenario_f1_x_level_acc,0.6261,0.6418,0.4613,0.9756,0.01618,0.18,0.7835,,41.12,0.02611,0.02311,0.0269,0.01661,0.002543,0.01993,0.03934,,2.796,5
snr,2,rolling_median_2gmm,default,0,0,0,0,,,,,6.223,0,0,0,0,,,,,0.5457,5
snr,2,rolling_median_2gmm,tuned_global_f1,0,0,0,0,,,,,5.957,0,0,0,0,,,,,0.4433,5
snr,2,rolling_median_2gmm,tuned_per_scenario_f1,0,0,0,0,,,,,2.982,0,0,0,0,,,,,0.3526,5
snr,2,threshold,default,0.007292,0.2241,0.004174,0.02927,0.3709,0.4143,,,0.05738,0.007746,0.02815,0.004469,0.02951,0.1077,0.06651,,,0.004064,5
snr,2,threshold,tuned_global_f1,0.05517,0.2246,0.03129,0.2375,0.2554,0.2983,,,0.07147,0.01547,0.02836,0.008898,0.07191,0.06722,0.04631,,,0.003618,5
snr,2,threshold,tuned_per_scenario_f1,0.153,0.6269,0.1965,0.1255,0.339,0.2631,,,0.08008,0.02703,0.01838,0.03744,0.02201,0.03107,0.01467,,,0.009179,5
snr,2,threshold+nanotrees,default,0.007292,0.2241,0.004174,0.02927,0.3709,0.4143,1,,2.764,0.007746,0.02815,0.004469,0.02951,0.1077,0.06651,0,,0.2168,5
snr,2,threshold+nanotrees,tuned_global_f1,0.007292,0.2241,0.004174,0.02927,0.3709,0.4143,1,,2.705,0.007746,0.02815,0.004469,0.02951,0.1077,0.06651,0,,0.2913,5
snr,2,threshold+nanotrees,tuned_global_f1_x_level_acc,0.00932,0.2168,0.005332,0.0376,0.261,0.1551,0.5,248.7,2.76,0.009324,0.02915,0.005377,0.03555,0.02875,0.09684,0.5,91.96,0.3648,5
snr,2,threshold+nanotrees,tuned_per_scenario_f1,0.005599,0.2094,0.003226,0.02118,0.3013,0.2668,0,,2.526,0.008354,0.0266,0.004809,0.03181,0.1152,0.1175,0,,0.07562,5
snr,2,threshold+nanotrees,tuned_per_scenario_f1_x_level_acc,0.02874,0.5509,0.04279,0.02168,0.3645,0.366,0.7367,,8.212,0.01252,0.02341,0.02145,0.008733,0.08441,0.04505,0.1135,,0.2809,5
snr,3,autonanopore,default,0,0,0,0,,,,,0.5495,0,0,0,0,,,,,0.02974,5
snr,3,autonanopore,tuned_global_f1,0.3976,0.7076,0.3104,0.554,0.2073,0.907,,,1.047,0.01528,0.03062,0.01458,0.02959,0.05481,0.02471,,,0.05901,5
snr,3,autonanopore,tuned_per_scenario_f1,0.3976,0.7076,0.3104,0.554,0.2073,0.907,,,1.047,0.01528,0.03062,0.01458,0.02959,0.05481,0.02471,,,0.05901,5
snr,3,mosaic,default,0,0,0,0,,,,,1.68,0,0,0,0,,,,,0.1104,5
snr,3,mosaic,tuned_global_f1,0,0.003938,0,0,,,,,7.282,0,0.0054,0,0,,,,,1.104,5
snr,3,mosaic,tuned_global_f1_x_level_acc,0,0.003938,0,0,,,,,7.282,0,0.0054,0,0,,,,,1.104,5
snr,3,mosaic,tuned_per_scenario_f1,0,0.03895,0,0,,,,,3.722,0,0.01471,0,0,,,,,0.6404,5
snr,3,mosaic,tuned_per_scenario_f1_x_level_acc,0,0.03895,0,0,,,,,3.722,0,0.01471,0,0,,,,,0.6404,5
snr,3,nano_ext[dpgmm],default,0.0347,0.2843,0.02457,0.05902,0.3431,0.1852,0.798,,3.355,0.03448,0.2596,0.02442,0.05861,0.1107,0.004108,0.06123,,0.1549,5
snr,3,nano_ext[dpgmm],tuned_global_f1,0.6199,0.9064,0.6822,0.5681,0.1112,0.06606,0.7274,,5.5,0.04594,0.008684,0.05642,0.03857,0.02552,0.006845,0.07111,,0.176,5
snr,3,nano_ext[dpgmm],tuned_global_f1_x_level_acc,0.01343,0.4527,0.0278,0.008853,0.3873,0.1814,0.7795,,4.558,0.01286,0.04815,0.02666,0.008472,0.06131,0.002864,0.05305,,0.139,5
snr,3,nano_ext[dpgmm],tuned_per_scenario_f1,0.6645,0.9494,0.68,0.6501,0.1104,0.06599,0.7277,,5.469,0.0483,0.007182,0.05156,0.04819,0.02609,0.006741,0.07045,,0.07437,5
snr,3,nano_ext[dpgmm],tuned_per_scenario_f1_x_level_acc,0.6501,0.7272,0.5144,0.8841,0.07858,0.06067,0.7804,,5.87,0.03364,0.02274,0.03444,0.02585,0.01632,0.009758,0.04371,,0.3739,5
snr,3,nano_ext[gmm],default,0.3591,0.7716,0.3651,0.3535,0.2783,0.09834,0.7333,567.3,10.26,0.05025,0.02905,0.05086,0.05038,0.03049,0.01515,0.07137,236.5,0.2427,5
snr,3,nano_ext[gmm],tuned_global_f1,0.7339,0.9596,0.7528,0.716,0.08646,0.07007,0.5691,475.6,13.65,0.02584,0.009861,0.02961,0.0229,0.01303,0.003939,0.03642,80.38,0.5478,5
snr,3,nano_ext[gmm],tuned_global_f1_x_level_acc,0.2359,0.6298,0.3725,0.1726,0.2789,0.09765,0.7341,567.3,12.9,0.03447,0.01015,0.04979,0.02623,0.02587,0.01392,0.0665,236.5,0.229,5
snr,3,nano_ext[gmm],tuned_per_scenario_f1,0.7339,0.9596,0.7528,0.716,0.08646,0.07007,0.5691,475.6,13.65,0.02584,0.009861,0.02961,0.0229,0.01303,0.003939,0.03642,80.38,0.5478,5
snr,3,nano_ext[gmm],tuned_per_scenario_f1_x_level_acc,0.7113,0.7739,0.5832,0.9129,0.06334,0.06695,0.6007,475.6,13.34,0.03595,0.02853,0.04029,0.02589,0.005057,0.00718,0.04266,80.38,0.3094,5
snr,3,pelt,default,0.4966,0.7344,0.4079,0.6358,0.01578,0.1511,0.6871,65.53,11.26,0.02987,0.02895,0.02965,0.03598,0.003952,0.008829,0.04201,48.01,0.2777,5
snr,3,pelt,tuned_global_f1,0.8732,0.9943,0.8683,0.8781,0.009293,0.1034,0.6889,26.35,31.41,0.03005,0.004213,0.03271,0.02754,0.001244,0.01166,0.03124,17.21,2.605,5
snr,3,pelt,tuned_global_f1_x_level_acc,0.8732,0.9943,0.8683,0.8781,0.009293,0.1034,0.6889,26.35,31.41,0.03005,0.004213,0.03271,0.02754,0.001244,0.01166,0.03124,17.21,2.605,5
snr,3,pelt,tuned_per_scenario_f1,0.9756,0.9778,0.9547,0.9978,0.007994,0.08992,0.545,69.7,41.71,0.01413,0.01345,0.02641,0.003026,0.0005574,0.01249,0.03211,72.21,3.164,5
snr,3,pelt,tuned_per_scenario_f1_x_level_acc,0.8732,0.9943,0.8683,0.8781,0.009293,0.1034,0.6889,26.35,31.41,0.03005,0.004213,0.03271,0.02754,0.001244,0.01166,0.03124,17.21,2.605,5
snr,3,rolling_median_2gmm,default,0.0216,0.08754,0.247,0.01129,0.3621,0.09999,,,6.061,0.002353,0.001043,0.02944,0.001225,0.05747,0.01853,,,0.9189,5
snr,3,rolling_median_2gmm,tuned_global_f1,0,0,0,0,,,,,5.905,0,0,0,0,,,,,0.5467,5
snr,3,rolling_median_2gmm,tuned_per_scenario_f1,0.1427,0.2562,0.5277,0.08256,0.1282,0.1654,,,5.881,0.01334,0.01213,0.06029,0.007546,0.03844,0.03008,,,0.3878,5
snr,3,threshold,default,0.4115,0.7367,0.4128,0.4122,0.2704,0.1486,,,0.05989,0.02401,0.02696,0.03864,0.02554,0.03516,0.0141,,,0.004227,5
snr,3,threshold,tuned_global_f1,0.6616,0.8077,0.6054,0.7316,0.07418,0.1135,,,0.07513,0.04071,0.0357,0.05702,0.02927,0.01092,0.01228,,,0.007987,5
snr,3,threshold,tuned_per_scenario_f1,0.6616,0.8077,0.6054,0.7316,0.07418,0.1135,,,0.07513,0.04071,0.0357,0.05702,0.02927,0.01092,0.01228,,,0.007987,5
snr,3,threshold+nanotrees,default,0.4115,0.7367,0.4128,0.4122,0.2704,0.1486,0.7133,,5.676,0.02401,0.02696,0.03864,0.02554,0.03516,0.0141,0.04909,,0.1805,5
snr,3,threshold+nanotrees,tuned_global_f1,0.4115,0.7367,0.4128,0.4122,0.2704,0.1486,0.7133,,5.733,0.02401,0.02696,0.03864,0.02554,0.03516,0.0141,0.04909,,0.2791,5
snr,3,threshold+nanotrees,tuned_global_f1_x_level_acc,0.3675,0.7305,0.3686,0.3681,0.1661,0.104,0.5486,86.99,5.743,0.03176,0.03042,0.04031,0.03242,0.04561,0.01657,0.0981,102.7,0.1789,5
snr,3,threshold+nanotrees,tuned_per_scenario_f1,0.4115,0.7367,0.4128,0.4122,0.2704,0.1486,0.7133,,5.733,0.02401,0.02696,0.03864,0.02554,0.03516,0.0141,0.04909,,0.2791,5
snr,3,threshold+nanotrees,tuned_per_scenario_f1_x_level_acc,0.4115,0.7367,0.4128,0.4122,0.2704,0.1486,0.7133,,5.733,0.02401,0.02696,0.03864,0.02554,0.03516,0.0141,0.04909,,0.2791,5
snr,5,autonanopore,default,0,0,0,0,,,,,0.5646,0,0,0,0,,,,,0.03908,5
snr,5,autonanopore,tuned_global_f1,0.706,0.7996,0.5912,0.877,0.02483,0.5283,,,1.113,0.0462,0.02381,0.04806,0.04117,0.002159,0.02935,,,0.05437,5
snr,5,autonanopore,tuned_per_scenario_f1,0.706,0.7996,0.5912,0.877,0.02483,0.5283,,,1.113,0.0462,0.02381,0.04806,0.04117,0.002159,0.02935,,,0.05437,5
snr,5,mosaic,default,0,0.03883,0,0,,,,,4.157,0,0.008575,0,0,,,,,0.9963,5
snr,5,mosaic,tuned_global_f1,0.2393,0.2507,0.1376,0.9501,0.006608,0.04599,0.9172,,5.597,0.05491,0.04843,0.03568,0.04615,0.003106,0.007989,0.05755,,0.4353,5
snr,5,mosaic,tuned_global_f1_x_level_acc,0.2393,0.2507,0.1376,0.9501,0.006608,0.04599,0.9172,,5.597,0.05491,0.04843,0.03568,0.04615,0.003106,0.007989,0.05755,,0.4353,5
snr,5,mosaic,tuned_per_scenario_f1,0.2393,0.2507,0.1376,0.9501,0.006608,0.04599,0.9172,,5.597,0.05491,0.04843,0.03568,0.04615,0.003106,0.007989,0.05755,,0.4353,5
snr,5,mosaic,tuned_per_scenario_f1_x_level_acc,0.2393,0.2507,0.1376,0.9501,0.006608,0.04599,0.9172,,5.597,0.05491,0.04843,0.03568,0.04615,0.003106,0.007989,0.05755,,0.4353,5
snr,5,nano_ext[dpgmm],default,0.8353,0.9528,0.8599,0.8123,0.02263,0.05192,0.6137,163.7,5.375,0.0379,0.01935,0.02772,0.04819,0.004195,0.004166,0.0349,309.5,0.2313,5
snr,5,nano_ext[dpgmm],tuned_global_f1,0.994,0.996,0.998,0.9901,0.01211,0.0391,0.5838,7.246,6.066,0.005415,0.003528,0.002779,0.008629,0.001279,0.002813,0.02355,2.381,0.1312,5
snr,5,nano_ext[dpgmm],tuned_global_f1_x_level_acc,0.6367,0.7363,0.8642,0.5044,0.02279,0.05206,0.6121,163.7,7.772,0.03823,0.02415,0.0287,0.03924,0.00454,0.004226,0.03512,309.5,0.3526,5
snr,5,nano_ext[dpgmm],tuned_per_scenario_f1,0.994,0.996,0.998,0.9901,0.01211,0.0391,0.5838,7.246,6.066,0.005415,0.003528,0.002779,0.008629,0.001279,0.002813,0.02355,2.381,0.1312,5
snr,5,nano_ext[dpgmm],tuned_per_scenario_f1_x_level_acc,0.994,0.996,0.998,0.9901,0.01211,0.0391,0.5838,7.246,6.066,0.005415,0.003528,0.002779,0.008629,0.001279,0.002813,0.02355,2.381,0.1312,5
snr,5,nano_ext[gmm],default,0.8301,0.9554,0.8503,0.8111,0.02284,0.05171,0.6061,79.93,12.84,0.03464,0.01822,0.02746,0.04259,0.004709,0.003847,0.03634,113.7,0.7902,5
snr,5,nano_ext[gmm],tuned_global_f1,0.8689,0.8698,0.9991,0.8295,0.03159,0.05371,0.5377,13.62,16.15,0.2626,0.2632,0.002119,0.3261,0.02587,0.02119,0.02458,2.613,0.3459,5
snr,5,nano_ext[gmm],tuned_global_f1_x_level_acc,0.6665,0.7795,0.8546,0.5467,0.02313,0.05182,0.6045,79.93,15.78,0.03779,0.0227,0.02765,0.04044,0.005062,0.003939,0.03648,113.7,0.5563,5
snr,5,nano_ext[gmm],tuned_per_scenario_f1,0.8689,0.8698,0.9991,0.8295,0.03159,0.05371,0.5377,13.62,16.15,0.2626,0.2632,0.002119,0.3261,0.02587,0.02119,0.02458,2.613,0.3459,5
snr,5,nano_ext[gmm],tuned_per_scenario_f1_x_level_acc,0.8301,0.9554,0.8503,0.8111,0.02284,0.05171,0.6061,79.93,15.8,0.03464,0.01822,0.02746,0.04259,0.004709,0.003847,0.03634,113.7,0.4356,5
snr,5,pelt,default,0.8616,0.9771,0.8818,0.8424,0.004117,0.06166,0.7685,6.711,11.07,0.02998,0.004194,0.02969,0.03056,0.0003774,0.0056,0.03475,1.896,0.7593,5
snr,5,pelt,tuned_global_f1,0.9985,0.9995,0.999,0.9979,0.003517,0.04878,0.9717,5.875,29.44,0.003449,0.00115,0.002305,0.004587,0.0004864,0.006664,0.01059,0.9739,3.131,5
snr,5,pelt,tuned_global_f1_x_level_acc,0.9985,0.9995,0.999,0.9979,0.003517,0.04878,0.9717,5.875,29.44,0.003449,0.00115,0.002305,0.004587,0.0004864,0.006664,0.01059,0.9739,3.131,5
snr,5,pelt,tuned_per_scenario_f1,1,1,1,1,0.003491,0.04868,0.8948,5.625,36.46,0,0,0,0,0.0004417,0.006556,0.01115,0.8614,3.182,5
snr,5,pelt,tuned_per_scenario_f1_x_level_acc,0.9985,0.9995,0.999,0.9979,0.003517,0.04878,0.9717,5.875,29.44,0.003449,0.00115,0.002305,0.004587,0.0004864,0.006664,0.01059,0.9739,3.131,5
snr,5,rolling_median_2gmm,default,0.2087,0.2464,0.8459,0.1191,0.009092,0.05257,,,5.891,0.01633,0.01308,0.02524,0.01015,0.002623,0.00664,,,0.2718,5
snr,5,rolling_median_2gmm,tuned_global_f1,0.9328,0.9481,0.9551,0.9117,0.01973,0.03947,,,5.615,0.02127,0.01448,0.02706,0.02035,0.002298,0.001622,,,0.4086,5
snr,5,rolling_median_2gmm,tuned_per_scenario_f1,0.9319,0.9492,0.9531,0.9119,0.01942,0.03549,,,3.137,0.01995,0.01441,0.02576,0.02055,0.003309,0.003265,,,0.3552,5
snr,5,threshold,default,0.9007,0.9374,0.9608,0.848,0.01662,0.05336,,,0.06129,0.02541,0.01672,0.01855,0.03471,0.001387,0.006041,,,0.01164,5
snr,5,threshold,tuned_global_f1,0.9664,0.9783,0.9878,0.9459,0.02177,0.04192,,,0.07595,0.007476,0.007059,0.009354,0.01067,0.002015,0.004538,,,0.01054,5
snr,5,threshold,tuned_per_scenario_f1,0.9708,0.9862,0.9645,0.9773,0.02156,0.04196,,,0.07906,0.01132,0.003529,0.01255,0.01471,0.001982,0.004539,,,0.01008,5
snr,5,threshold+nanotrees,default,0.9007,0.9374,0.9608,0.848,0.01662,0.05336,0.5449,,7.041,0.02541,0.01672,0.01855,0.03471,0.001387,0.006041,0.02725,,0.4187,5
snr,5,threshold+nanotrees,tuned_global_f1,0.9007,0.9374,0.9608,0.848,0.01662,0.05336,0.5449,,6.996,0.02541,0.01672,0.01855,0.03471,0.001387,0.006041,0.02725,,0.272,5
snr,5,threshold+nanotrees,tuned_global_f1_x_level_acc,0.8622,0.9374,0.9195,0.812,0.01018,0.04781,0.7572,14.63,6.976,0.03873,0.01672,0.02776,0.04786,0.002395,0.003114,0.04251,1.781,0.4872,5
snr,5,threshold+nanotrees,tuned_per_scenario_f1,0.8988,0.9374,0.9587,0.8462,0.01329,0.05506,0.5461,,7.005,0.02568,0.01672,0.02029,0.03436,0.002641,0.00561,0.02871,,0.2038,5
snr,5,threshold+nanotrees,tuned_per_scenario_f1_x_level_acc,0.8622,0.9374,0.9195,0.812,0.01018,0.04781,0.7572,14.63,6.976,0.03873,0.01672,0.02776,0.04786,0.002395,0.003114,0.04251,1.781,0.4872,5
snr,8,autonanopore,default,0,0,0,0,,,,,0.5521,0,0,0,0,,,,,0.03886,5
snr,8,autonanopore,tuned_global_f1,0.7707,0.8215,0.657,0.9324,0.0128,0.3259,,,1.12,0.02518,0.01388,0.02747,0.01963,0.002279,0.02635,,,0.06862,5
snr,8,autonanopore,tuned_per_scenario_f1,0.769,0.8044,0.6435,0.9558,0.01303,0.3238,,,1.121,0.02562,0.01399,0.02894,0.01662,0.002177,0.02877,,,0.01262,5
snr,8,mosaic,default,0.2518,0.2937,0.1541,0.7317,0.009637,0.03199,0.8634,,4.038,0.08777,0.08569,0.06177,0.0791,0.004252,0.007069,0.03484,,0.2267,5
snr,8,mosaic,tuned_global_f1,0.8278,0.9361,0.7783,0.8844,0.003242,0.03344,0.856,5.872,3.293,0.02399,0.01749,0.03014,0.02394,0.0003761,0.005157,0.04595,0.8417,0.2495,5
snr,8,mosaic,tuned_global_f1_x_level_acc,0.8278,0.9361,0.7783,0.8844,0.003242,0.03344,0.856,5.872,3.293,0.02399,0.01749,0.03014,0.02394,0.0003761,0.005157,0.04595,0.8417,0.2495,5
snr,8,mosaic,tuned_per_scenario_f1,0.8278,0.9361,0.7783,0.8844,0.003242,0.03344,0.856,5.872,3.293,0.02399,0.01749,0.03014,0.02394,0.0003761,0.005157,0.04595,0.8417,0.2495,5
snr,8,mosaic,tuned_per_scenario_f1_x_level_acc,0.8278,0.9361,0.7783,0.8844,0.003242,0.03344,0.856,5.872,3.293,0.02399,0.01749,0.03014,0.02394,0.0003761,0.005157,0.04595,0.8417,0.2495,5
snr,8,nano_ext[dpgmm],default,0.9983,0.9983,0.9967,1,0.005142,0.02472,0.7868,4.395,5.744,0.002515,0.002515,0.005003,0,0.0003454,0.002227,0.02086,1.388,0.4318,5
snr,8,nano_ext[dpgmm],tuned_global_f1,1,1,1,1,0.02592,0.04368,0.6343,5.789,5.894,0,0,0,0,0.001516,0.003253,0.02522,1.535,0.2187,5
snr,8,nano_ext[dpgmm],tuned_global_f1_x_level_acc,0.9995,0.9995,1,0.9989,0.005153,0.02478,0.7854,4.395,7.793,0.001199,0.001199,0,0.002392,0.0003353,0.002142,0.02024,1.388,0.4353,5
snr,8,nano_ext[dpgmm],tuned_per_scenario_f1,0.9983,0.9983,0.9967,1,0.005142,0.02472,0.7868,4.395,7.803,0.002515,0.002515,0.005003,0,0.0003454,0.002227,0.02086,1.388,0.2747,5
snr,8,nano_ext[dpgmm],tuned_per_scenario_f1_x_level_acc,0.9983,0.9983,0.9967,1,0.005142,0.02472,0.7868,4.395,7.803,0.002515,0.002515,0.005003,0,0.0003454,0.002227,0.02086,1.388,0.2747,5
snr,8,nano_ext[gmm],default,0.9983,0.9983,0.9967,1,0.01084,0.02688,0.7616,5.339,14.52,0.002515,0.002515,0.005003,0,0.004417,0.001355,0.02357,1.236,0.4646,5
snr,8,nano_ext[gmm],tuned_global_f1,0.8588,0.8588,1,0.8183,0.05339,0.0652,0.5434,12.4,16.95,0.2783,0.2783,0,0.3379,0.02943,0.02493,0.0335,2.033,0.4856,5
snr,8,nano_ext[gmm],tuned_global_f1_x_level_acc,0.9425,0.9425,1,0.9076,0.01085,0.02688,0.7602,5.339,18.39,0.1169,0.1169,0,0.1839,0.004412,0.001354,0.02256,1.236,0.8147,5
snr,8,nano_ext[gmm],tuned_per_scenario_f1,0.9983,0.9983,0.9967,1,0.01084,0.02688,0.7616,5.339,18.73,0.002515,0.002515,0.005003,0,0.004417,0.001355,0.02357,1.236,1.119,5
snr,8,nano_ext[gmm],tuned_per_scenario_f1_x_level_acc,0.9983,0.9983,0.9967,1,0.01084,0.02688,0.7616,5.339,18.73,0.002515,0.002515,0.005003,0,0.004417,0.001355,0.02357,1.236,1.119,5
snr,8,pelt,default,0.9876,0.9876,1,0.9756,0.002325,0.02917,0.8329,3.177,11.48,0.002975,0.002975,0,0.005815,0.0002012,0.004154,0.0243,0.4808,0.5517,5
snr,8,pelt,tuned_global_f1,1,1,1,1,0.002275,0.02893,0.9978,3.122,29.93,0,0,0,0,0.0001959,0.004102,0.003021,0.4626,2.905,5
snr,8,pelt,tuned_global_f1_x_level_acc,1,1,1,1,0.002275,0.02893,0.9978,3.122,29.93,0,0,0,0,0.0001959,0.004102,0.003021,0.4626,2.905,5
snr,8,pelt,tuned_per_scenario_f1,1,1,1,1,0.002275,0.02893,0.9978,3.122,30.34,0,0,0,0,0.0001959,0.004102,0.003021,0.4626,1.575,5
snr,8,pelt,tuned_per_scenario_f1_x_level_acc,1,1,1,1,0.002298,0.02893,0.9914,3.122,34.74,0,0,0,0,0.0001993,0.004102,0.00528,0.4857,4.091,5
snr,8,rolling_median_2gmm,default,0.701,0.7053,0.994,0.543,0.003024,0.02416,,,5.864,0.04527,0.04681,0.006295,0.05487,0.0002968,0.003047,,,0.5978,5
snr,8,rolling_median_2gmm,tuned_global_f1,0.9634,0.9792,0.9551,0.9721,0.004136,0.02465,,,5.796,0.01786,0.008999,0.02706,0.01164,0.000674,0.002357,,,0.2638,5
snr,8,rolling_median_2gmm,tuned_per_scenario_f1,0.9634,0.9792,0.9551,0.9721,0.004136,0.02465,,,5.796,0.01786,0.008999,0.02706,0.01164,0.000674,0.002357,,,0.2638,5
snr,8,threshold,default,0.9995,0.9995,1,0.9989,0.01367,0.02401,,,0.05663,0.001199,0.001199,0,0.002392,0.001249,0.002756,,,0.002977,5
snr,8,threshold,tuned_global_f1,1,1,1,1,0.02149,0.02413,,,0.074,0,0,0,0,0.001699,0.002302,,,0.01121,5
snr,8,threshold,tuned_per_scenario_f1,1,1,1,1,0.02149,0.02413,,,0.07633,0,0,0,0,0.001699,0.002302,,,0.0121,5
snr,8,threshold+nanotrees,default,0.9995,0.9995,1,0.9989,0.01367,0.02401,0.5232,,7.059,0.001199,0.001199,0,0.002392,0.001249,0.002756,0.01954,,0.6311,5
snr,8,threshold+nanotrees,tuned_global_f1,0.9995,0.9995,1,0.9989,0.01367,0.02401,0.5232,,7.157,0.001199,0.001199,0,0.002392,0.001249,0.002756,0.01954,,0.4951,5
snr,8,threshold+nanotrees,tuned_global_f1_x_level_acc,0.9995,0.9995,1,0.9989,0.006857,0.02425,0.9506,12.93,6.931,0.001199,0.001199,0,0.002392,0.001245,0.002241,0.009989,1.267,0.2991,5
snr,8,threshold+nanotrees,tuned_per_scenario_f1,0.9995,0.9995,1,0.9989,0.01009,0.02576,0.4678,12.95,7.038,0.001199,0.001199,0,0.002392,0.001464,0.00305,0.01764,1.015,0.2825,5
snr,8,threshold+nanotrees,tuned_per_scenario_f1_x_level_acc,0.9995,0.9995,1,0.9989,0.006857,0.02425,0.9506,12.93,6.931,0.001199,0.001199,0,0.002392,0.001245,0.002241,0.009989,1.267,0.2991,5
snr,15,autonanopore,default,0,0,0,0,,,,,0.5535,0,0,0,0,,,,,0.03782,5
snr,15,autonanopore,tuned_global_f1,0.7987,0.8338,0.6879,0.9526,0.01162,0.2713,,,1.112,0.009593,0.01648,0.0116,0.01913,0.001402,0.03363,,,0.03702,5
snr,15,autonanopore,tuned_per_scenario_f1,0.8036,0.8316,0.6879,0.9664,0.01162,0.2713,,,1.112,0.009424,0.0103,0.0116,0.01337,0.001402,0.03363,,,0.02952,5
snr,15,mosaic,default,0.9804,0.9962,0.9788,0.982,0.003223,0.04371,0.9622,9.696,2.815,0.008269,0.003617,0.009832,0.008067,0.0006809,0.02235,0.01366,0.4178,0.2615,5
snr,15,mosaic,tuned_global_f1,0.9932,0.9953,0.9886,0.9979,0.002061,0.06693,0.9958,7.308,2.693,0.003921,0.001889,0.005389,0.002916,0.0002537,0.07763,0.002352,0.3141,0.1594,5
snr,15,mosaic,tuned_global_f1_x_level_acc,0.9932,0.9953,0.9886,0.9979,0.002061,0.06693,0.9958,7.308,2.693,0.003921,0.001889,0.005389,0.002916,0.0002537,0.07763,0.002352,0.3141,0.1594,5
snr,15,mosaic,tuned_per_scenario_f1,0.9973,0.9995,0.9967,0.9978,0.008231,0.1525,0.8008,11.09,2.607,0.003859,0.001205,0.004841,0.003029,0.001443,0.0482,0.02067,0.4107,0.1838,5
snr,15,mosaic,tuned_per_scenario_f1_x_level_acc,0.9984,0.9995,0.9978,0.9989,0.002055,0.05924,1,7.314,2.708,0.003616,0.001205,0.004809,0.002417,0.0002554,0.06154,0,0.3066,0.2309,5
snr,15,nano_ext[dpgmm],default,0.9983,0.9983,0.9967,1,0.01495,0.02163,0.8198,2.759,5.409,0.002515,0.002515,0.005003,0,0.002103,0.001823,0.0104,0.3794,0.2863,5
snr,15,nano_ext[dpgmm],tuned_global_f1,1,1,1,1,0.05809,0.06149,0.666,5.725,5.667,0,0,0,0,0.004438,0.005066,0.01743,1.713,0.2471,5
snr,15,nano_ext[dpgmm],tuned_global_f1_x_level_acc,1,1,1,1,0.01496,0.02172,0.8182,2.759,7.3,0,0,0,0,0.002103,0.00189,0.01038,0.3794,0.6,5
snr,15,nano_ext[dpgmm],tuned_per_scenario_f1,0.9983,0.9983,0.9967,1,0.01495,0.02163,0.8198,2.759,7.808,0.002515,0.002515,0.005003,0,0.002103,0.001823,0.0104,0.3794,0.388,5
snr,15,nano_ext[dpgmm],tuned_per_scenario_f1_x_level_acc,1,1,1,1,0.005143,0.01388,0.8613,2.229,12.11,0,0,0,0,0.0003332,0.00157,0.02225,0.3306,1.057,5
snr,15,nano_ext[gmm],default,0.9564,0.9564,0.9967,0.9301,0.02376,0.02897,0.7673,3.818,14.84,0.09598,0.09598,0.005003,0.1563,0.01487,0.01485,0.02172,0.4704,0.5621,5
snr,15,nano_ext[gmm],tuned_global_f1,0.725,0.7257,0.9978,0.6557,0.09792,0.0917,0.5765,24.19,16.38,0.3414,0.3404,0.004809,0.4064,0.02636,0.01946,0.05453,1.076,1.304,5
snr,15,nano_ext[gmm],tuned_global_f1_x_level_acc,0.8171,0.8171,1,0.809,0.02404,0.02897,0.7658,3.818,18.74,0.4089,0.4089,0,0.4272,0.0155,0.01486,0.0202,0.4704,0.8243,5
snr,15,nano_ext[gmm],tuned_per_scenario_f1,0.9564,0.9564,0.9967,0.9301,0.02376,0.02897,0.7673,3.818,18.42,0.09598,0.09598,0.005003,0.1563,0.01487,0.01485,0.02172,0.4704,0.6705,5
snr,15,nano_ext[gmm],tuned_per_scenario_f1_x_level_acc,1,1,1,1,0.0062,0.01458,0.8583,2.174,18.92,0,0,0,0,0.001968,0.00134,0.01945,0.3782,0.7033,5
snr,15,pelt,default,0.9881,0.9881,1,0.9766,0.005693,0.01345,0.0465,2.339,10.99,0.002553,0.002553,0,0.004995,0.0003131,0.001299,0.01536,0.6572,0.3561,5
snr,15,pelt,tuned_global_f1,1,1,1,1,0.001668,0.01436,0.9427,1.933,27.4,0,0,0,0,0.0002033,0.002223,0.03131,0.3382,2.326,5
snr,15,pelt,tuned_global_f1_x_level_acc,1,1,1,1,0.001668,0.01436,0.9427,1.933,27.4,0,0,0,0,0.0002033,0.002223,0.03131,0.3382,2.326,5
snr,15,pelt,tuned_per_scenario_f1,1,1,1,1,0.001668,0.01436,0.9469,1.929,27.66,0,0,0,0,0.0002033,0.002197,0.02969,0.3321,2.827,5
snr,15,pelt,tuned_per_scenario_f1_x_level_acc,1,1,1,1,0.001643,0.01447,1,1.963,34.45,0,0,0,0,0.0001872,0.002226,0,0.338,3.065,5
snr,15,rolling_median_2gmm,default,0.9869,0.9869,1,0.9744,0.00454,0.01489,,,6.147,0.009512,0.009512,0,0.01843,0.0002419,0.00155,,,0.2344,5
snr,15,rolling_median_2gmm,tuned_global_f1,0.9701,0.9851,0.9561,0.9848,0.003087,0.01547,,,5.889,0.01942,0.009519,0.02765,0.01067,0.000237,0.00191,,,0.4333,5
snr,15,rolling_median_2gmm,tuned_per_scenario_f1,1,1,1,1,0.002964,0.01353,,,2.908,0,0,0,0,0.0002093,0.001505,,,0.4022,5
snr,15,threshold,default,1,1,1,1,0.01704,0.01429,,,0.05801,0,0,0,0,0.001175,0.001619,,,0.003929,5
snr,15,threshold,tuned_global_f1,1,1,1,1,0.02452,0.01706,,,0.06822,0,0,0,0,0.001957,0.0008512,,,0.004543,5
snr,15,threshold,tuned_per_scenario_f1,1,1,1,1,0.02452,0.01706,,,0.06994,0,0,0,0,0.001957,0.0008512,,,0.001883,5
snr,15,threshold+nanotrees,default,1,1,1,1,0.01704,0.01429,0.5232,,7.096,0,0,0,0,0.001175,0.001619,0.01954,,0.5934,5
snr,15,threshold+nanotrees,tuned_global_f1,1,1,1,1,0.01704,0.01429,0.5232,,7.202,0,0,0,0,0.001175,0.001619,0.01954,,0.1994,5
snr,15,threshold+nanotrees,tuned_global_f1_x_level_acc,1,1,1,1,0.006388,0.01284,0.9874,12.6,7.231,0,0,0,0,0.0006998,0.001128,0.006226,0.6548,0.4147,5
snr,15,threshold+nanotrees,tuned_per_scenario_f1,1,1,1,1,0.0085,0.01444,0.7386,12.68,7.257,0,0,0,0,0.001603,0.001672,0.01806,0.7134,0.2431,5
snr,15,threshold+nanotrees,tuned_per_scenario_f1_x_level_acc,1,1,1,1,0.006447,0.01282,1,12.6,7.055,0,0,0,0,0.0006884,0.001093,0,0.6975,0.5203,5
