dataset,method_a,setting_a,method_b,setting_b,n_a,n_b,f1,f1_any
autonanopore_demo,autonanopore,default,autonanopore,tuned_global_f1,80,2053,0.0731,0.0731
autonanopore_demo,autonanopore,default,mosaic,default,80,120,0.03,0.05
autonanopore_demo,autonanopore,default,mosaic,tuned_global_f1,80,5,0.0706,0.0941
autonanopore_demo,autonanopore,default,nano_ext[dpgmm],default,80,13,0.086,0.108
autonanopore_demo,autonanopore,default,nano_ext[dpgmm],tuned_global_f1,80,104,0.261,0.315
autonanopore_demo,autonanopore,default,nano_ext[gmm],default,80,430,0.0118,0.0235
autonanopore_demo,autonanopore,default,nano_ext[gmm],tuned_global_f1,80,1236,0.0274,0.0319
autonanopore_demo,autonanopore,default,pelt,default,80,2598,0.0366,0.05
autonanopore_demo,autonanopore,default,pelt,tuned_global_f1,80,1898,0.0526,0.0718
autonanopore_demo,autonanopore,default,threshold,default,80,596,0.107,0.169
autonanopore_demo,autonanopore,default,threshold,tuned_global_f1,80,469,0.102,0.208
autonanopore_demo,autonanopore,default,threshold+nanotrees,default,80,596,0.104,0.169
autonanopore_demo,autonanopore,default,threshold+nanotrees,tuned_global_f1,80,596,0.068,0.169
autonanopore_demo,autonanopore,tuned_global_f1,mosaic,default,2053,120,0.0101,0.0147
autonanopore_demo,autonanopore,tuned_global_f1,mosaic,tuned_global_f1,2053,5,0.00389,0.00486
autonanopore_demo,autonanopore,tuned_global_f1,nano_ext[dpgmm],default,2053,13,0.0029,0.00387
autonanopore_demo,autonanopore,tuned_global_f1,nano_ext[dpgmm],tuned_global_f1,2053,104,0.0223,0.0269
autonanopore_demo,autonanopore,tuned_global_f1,nano_ext[gmm],default,2053,430,0.00242,0.00564
autonanopore_demo,autonanopore,tuned_global_f1,nano_ext[gmm],tuned_global_f1,2053,1236,0.0164,0.0231
autonanopore_demo,autonanopore,tuned_global_f1,pelt,default,2053,2598,0.126,0.178
autonanopore_demo,autonanopore,tuned_global_f1,pelt,tuned_global_f1,2053,1898,0.0769,0.185
autonanopore_demo,autonanopore,tuned_global_f1,threshold,default,2053,596,0.0302,0.152
autonanopore_demo,autonanopore,tuned_global_f1,threshold,tuned_global_f1,2053,469,0.023,0.161
autonanopore_demo,autonanopore,tuned_global_f1,threshold+nanotrees,default,2053,596,0.0302,0.152
autonanopore_demo,autonanopore,tuned_global_f1,threshold+nanotrees,tuned_global_f1,2053,596,0.0204,0.152
autonanopore_demo,mosaic,default,mosaic,tuned_global_f1,120,5,0.016,0.016
autonanopore_demo,mosaic,default,nano_ext[dpgmm],default,120,13,0.015,0.015
autonanopore_demo,mosaic,default,nano_ext[dpgmm],tuned_global_f1,120,104,0.0179,0.0357
autonanopore_demo,mosaic,default,nano_ext[gmm],default,120,430,0.00364,0.00364
autonanopore_demo,mosaic,default,nano_ext[gmm],tuned_global_f1,120,1236,0.00295,0.0059
autonanopore_demo,mosaic,default,pelt,default,120,2598,0.0147,0.0177
autonanopore_demo,mosaic,default,pelt,tuned_global_f1,120,1898,0.00694,0.0208
autonanopore_demo,mosaic,default,threshold,default,120,596,0.00838,0.0251
autonanopore_demo,mosaic,default,threshold,tuned_global_f1,120,469,0.0034,0.034
autonanopore_demo,mosaic,default,threshold+nanotrees,default,120,596,0.0112,0.0251
autonanopore_demo,mosaic,default,threshold+nanotrees,tuned_global_f1,120,596,0.0168,0.0251
autonanopore_demo,mosaic,tuned_global_f1,nano_ext[dpgmm],default,5,13,0.111,0.111
autonanopore_demo,mosaic,tuned_global_f1,nano_ext[dpgmm],tuned_global_f1,5,104,0.0367,0.0367
autonanopore_demo,mosaic,tuned_global_f1,nano_ext[gmm],default,5,430,0.0046,0.0046
autonanopore_demo,mosaic,tuned_global_f1,nano_ext[gmm],tuned_global_f1,5,1236,0.00161,0.00322
autonanopore_demo,mosaic,tuned_global_f1,pelt,default,5,2598,0.00231,0.00307
autonanopore_demo,mosaic,tuned_global_f1,pelt,tuned_global_f1,5,1898,0.0042,0.00525
autonanopore_demo,mosaic,tuned_global_f1,threshold,default,5,596,0,0.00666
autonanopore_demo,mosaic,tuned_global_f1,threshold,tuned_global_f1,5,469,0,0.00844
autonanopore_demo,mosaic,tuned_global_f1,threshold+nanotrees,default,5,596,0.00333,0.00666
autonanopore_demo,mosaic,tuned_global_f1,threshold+nanotrees,tuned_global_f1,5,596,0.00333,0.00666
autonanopore_demo,nano_ext[dpgmm],default,nano_ext[dpgmm],tuned_global_f1,13,104,0.0513,0.12
autonanopore_demo,nano_ext[dpgmm],default,nano_ext[gmm],default,13,430,0.0135,0.0271
autonanopore_demo,nano_ext[dpgmm],default,nano_ext[gmm],tuned_global_f1,13,1236,0.0048,0.00801
autonanopore_demo,nano_ext[dpgmm],default,pelt,default,13,2598,0.0023,0.00383
autonanopore_demo,nano_ext[dpgmm],default,pelt,tuned_global_f1,13,1898,0.00314,0.00523
autonanopore_demo,nano_ext[dpgmm],default,threshold,default,13,596,0.00657,0.0164
autonanopore_demo,nano_ext[dpgmm],default,threshold,tuned_global_f1,13,469,0.0083,0.0207
autonanopore_demo,nano_ext[dpgmm],default,threshold+nanotrees,default,13,596,0.00328,0.0164
autonanopore_demo,nano_ext[dpgmm],default,threshold+nanotrees,tuned_global_f1,13,596,0.00985,0.0164
autonanopore_demo,nano_ext[dpgmm],tuned_global_f1,nano_ext[gmm],default,104,430,0.0187,0.157
autonanopore_demo,nano_ext[dpgmm],tuned_global_f1,nano_ext[gmm],tuned_global_f1,104,1236,0.0313,0.0537
autonanopore_demo,nano_ext[dpgmm],tuned_global_f1,pelt,default,104,2598,0.0207,0.0311
autonanopore_demo,nano_ext[dpgmm],tuned_global_f1,pelt,tuned_global_f1,104,1898,0.027,0.039
autonanopore_demo,nano_ext[dpgmm],tuned_global_f1,threshold,default,104,596,0.0514,0.117
autonanopore_demo,nano_ext[dpgmm],tuned_global_f1,threshold,tuned_global_f1,104,469,0.0384,0.136
autonanopore_demo,nano_ext[dpgmm],tuned_global_f1,threshold+nanotrees,default,104,596,0.0429,0.117
autonanopore_demo,nano_ext[dpgmm],tuned_global_f1,threshold+nanotrees,tuned_global_f1,104,596,0.0257,0.117
autonanopore_demo,nano_ext[gmm],default,nano_ext[gmm],tuned_global_f1,430,1236,0.112,0.269
autonanopore_demo,nano_ext[gmm],default,pelt,default,430,2598,0.00727,0.0535
autonanopore_demo,nano_ext[gmm],default,pelt,tuned_global_f1,430,1898,0.0043,0.0344
autonanopore_demo,nano_ext[gmm],default,threshold,default,430,596,0.0136,0.0994
autonanopore_demo,nano_ext[gmm],default,threshold,tuned_global_f1,430,469,0.0089,0.0912
autonanopore_demo,nano_ext[gmm],default,threshold+nanotrees,default,430,596,0.0117,0.0994
autonanopore_demo,nano_ext[gmm],default,threshold+nanotrees,tuned_global_f1,430,596,0.0136,0.0994
autonanopore_demo,nano_ext[gmm],tuned_global_f1,pelt,default,1236,2598,0.037,0.155
autonanopore_demo,nano_ext[gmm],tuned_global_f1,pelt,tuned_global_f1,1236,1898,0.014,0.0862
autonanopore_demo,nano_ext[gmm],tuned_global_f1,threshold,default,1236,596,0.0218,0.178
autonanopore_demo,nano_ext[gmm],tuned_global_f1,threshold,tuned_global_f1,1236,469,0.0176,0.16
autonanopore_demo,nano_ext[gmm],tuned_global_f1,threshold+nanotrees,default,1236,596,0.0186,0.178
autonanopore_demo,nano_ext[gmm],tuned_global_f1,threshold+nanotrees,tuned_global_f1,1236,596,0.0142,0.178
autonanopore_demo,pelt,default,pelt,tuned_global_f1,2598,1898,0.0721,0.317
autonanopore_demo,pelt,default,threshold,default,2598,596,0.0614,0.287
autonanopore_demo,pelt,default,threshold,tuned_global_f1,2598,469,0.028,0.245
autonanopore_demo,pelt,default,threshold+nanotrees,default,2598,596,0.0589,0.287
autonanopore_demo,pelt,default,threshold+nanotrees,tuned_global_f1,2598,596,0.0545,0.287
autonanopore_demo,pelt,tuned_global_f1,threshold,default,1898,596,0.0946,0.271
autonanopore_demo,pelt,tuned_global_f1,threshold,tuned_global_f1,1898,469,0.139,0.289
autonanopore_demo,pelt,tuned_global_f1,threshold+nanotrees,default,1898,596,0.0914,0.271
autonanopore_demo,pelt,tuned_global_f1,threshold+nanotrees,tuned_global_f1,1898,596,0.0858,0.271
autonanopore_demo,threshold,default,threshold,tuned_global_f1,596,469,0.546,0.881
autonanopore_demo,threshold,default,threshold+nanotrees,default,596,596,0.993,1
autonanopore_demo,threshold,default,threshold+nanotrees,tuned_global_f1,596,596,0.953,1
autonanopore_demo,threshold,tuned_global_f1,threshold+nanotrees,default,469,596,0.539,0.881
autonanopore_demo,threshold,tuned_global_f1,threshold+nanotrees,tuned_global_f1,469,596,0.507,0.881
autonanopore_demo,threshold+nanotrees,default,threshold+nanotrees,tuned_global_f1,596,596,0.956,1
