dwell_us,peak_fraction,fwhm_us
5,0.1408,36
10,0.2774,36
15,0.4053,36
20,0.5271,40
25,0.6339,40
30,0.724,40
35,0.8016,40
40,0.8669,44
45,0.9162,48
50,0.9518,52
55,0.976,56
60,0.9912,60
65,1.002,64
70,1.007,68
75,1.008,72
80,1.008,80
85,1.008,84
90,1.008,88
95,1.008,92
100,1.008,100
150,1.008,148
200,1.008,200
250,1.008,248
300,1.008,300
350,1.008,348
400,1.008,400
450,1.008,448
500,1.008,500
550,1.008,548
600,1.008,600
650,1.008,648
700,1.008,700
750,1.008,748
800,1.008,800
850,1.008,848
900,1.008,900
950,1.008,948
1000,1.008,1000
