snr,k,min_dur_us,dwell_us,n_true,n_det,recall_any,recall_iou,false_per_s,depth_ratio
5,0.5,50,20,84.5,0,0,0,0,
5,0.5,50,30,84.5,0,0,0,0,
5,0.5,50,50,84.5,0,0,0,0,
5,0.5,50,70,84.5,8,0.0956,0.0956,0,1.2
5,0.5,50,100,84.5,31,0.37,0.323,0,1.16
5,0.5,50,150,84.5,52.5,0.627,0.497,0,1.13
5,0.5,50,200,84.5,57.5,0.685,0.561,0,1.1
5,0.5,50,300,84.5,71.5,0.848,0.66,0,1.09
5,0.5,50,500,84.5,78,0.849,0.602,0.65,1.09
5,0.5,50,1000,84,102,0.983,0.777,1.9,1.04
5,1,100,20,84.5,0,0,0,0,
5,1,100,30,84.5,0,0,0,0,
5,1,100,50,84.5,0,0,0,0,
5,1,100,70,84.5,0,0,0,0,
5,1,100,100,84.5,1.5,0.0181,0.0181,0,1.24
5,1,100,150,84.5,27.5,0.332,0.332,0,1.12
5,1,100,200,84.5,46.5,0.554,0.548,0,1.09
5,1,100,300,84.5,63.5,0.753,0.66,0,1.09
5,1,100,500,84.5,66.5,0.766,0.602,0.2,1.08
5,1,100,1000,84,94,0.966,0.777,1.3,1.04
5,2,200,20,84.5,0,0,0,0,
5,2,200,30,84.5,0,0,0,0,
5,2,200,50,84.5,0,0,0,0,
5,2,200,70,84.5,0,0,0,0,
5,2,200,100,84.5,0,0,0,0,
5,2,200,150,84.5,0,0,0,0,
5,2,200,200,84.5,2,0.0237,0.0237,0,1.15
5,2,200,300,84.5,42.5,0.505,0.505,0,1.13
5,2,200,500,84.5,52,0.619,0.602,0,1.09
5,2,200,1000,84,83,0.943,0.777,0.4,1.04
5,3,300,20,84.5,0,0,0,0,
5,3,300,30,84.5,0,0,0,0,
5,3,300,50,84.5,0,0,0,0,
5,3,300,70,84.5,0,0,0,0,
5,3,300,100,84.5,0,0,0,0,
5,3,300,150,84.5,0,0,0,0,
5,3,300,200,84.5,0,0,0,0,
5,3,300,300,84.5,5.5,0.0662,0.0662,0,1.2
5,3,300,500,84.5,47.5,0.567,0.567,0,1.1
5,3,300,1000,84,74,0.872,0.777,0.1,1.04
5,5,500,20,84.5,0,0,0,0,
5,5,500,30,84.5,0,0,0,0,
5,5,500,50,84.5,0,0,0,0,
5,5,500,70,84.5,0,0,0,0,
5,5,500,100,84.5,0,0,0,0,
5,5,500,150,84.5,0,0,0,0,
5,5,500,200,84.5,0,0,0,0,
5,5,500,300,84.5,0,0,0,0,
5,5,500,500,84.5,8.5,0.104,0.104,0,1.19
5,5,500,1000,84,64,0.766,0.76,0,1.05
10,0.5,50,20,84.5,0,0,0,0,
10,0.5,50,30,84.5,1,0.0125,0.0125,0,0.73
10,0.5,50,50,84.5,55,0.652,0.652,0,0.818
10,0.5,50,70,84.5,84.5,1,1,0,0.846
10,0.5,50,100,84.5,84.5,1,1,0,0.901
10,0.5,50,150,84.5,84.5,1,1,0,0.933
10,0.5,50,200,84.5,84.5,1,1,0,0.945
10,0.5,50,300,84.5,84.5,1,1,0,0.96
10,0.5,50,500,84.5,84.5,1,1,0,0.978
10,0.5,50,1000,84,84,1,1,0,0.993
10,1,100,20,84.5,0,0,0,0,
10,1,100,30,84.5,0,0,0,0,
10,1,100,50,84.5,0,0,0,0,
10,1,100,70,84.5,0,0,0,0,
10,1,100,100,84.5,46,0.547,0.547,0,0.914
10,1,100,150,84.5,84.5,1,1,0,0.933
10,1,100,200,84.5,84.5,1,1,0,0.945
10,1,100,300,84.5,84.5,1,1,0,0.96
10,1,100,500,84.5,84.5,1,1,0,0.978
10,1,100,1000,84,84,1,1,0,0.993
10,2,200,20,84.5,0,0,0,0,
10,2,200,30,84.5,0,0,0,0,
10,2,200,50,84.5,0,0,0,0,
10,2,200,70,84.5,0,0,0,0,
10,2,200,100,84.5,0,0,0,0,
10,2,200,150,84.5,0,0,0,0,
10,2,200,200,84.5,45,0.535,0.535,0,0.951
10,2,200,300,84.5,84.5,1,1,0,0.96
10,2,200,500,84.5,84.5,1,1,0,0.978
10,2,200,1000,84,84,1,1,0,0.993
10,3,300,20,84.5,0,0,0,0,
10,3,300,30,84.5,0,0,0,0,
10,3,300,50,84.5,0,0,0,0,
10,3,300,70,84.5,0,0,0,0,
10,3,300,100,84.5,0,0,0,0,
10,3,300,150,84.5,0,0,0,0,
10,3,300,200,84.5,0,0,0,0,
10,3,300,300,84.5,42,0.5,0.5,0,0.972
10,3,300,500,84.5,84.5,1,1,0,0.978
10,3,300,1000,84,84,1,1,0,0.993
10,5,500,20,84.5,0,0,0,0,
10,5,500,30,84.5,0,0,0,0,
10,5,500,50,84.5,0,0,0,0,
10,5,500,70,84.5,0,0,0,0,
10,5,500,100,84.5,0,0,0,0,
10,5,500,150,84.5,0,0,0,0,
10,5,500,200,84.5,0,0,0,0,
10,5,500,300,84.5,0,0,0,0,
10,5,500,500,84.5,43,0.511,0.511,0,0.98
10,5,500,1000,84,84,1,1,0,0.993
20,0.5,50,20,84.5,5,0.0593,0.00625,0,0.461
20,0.5,50,30,84.5,65,0.768,0.726,0,0.545
20,0.5,50,50,84.5,84.5,1,1,0,0.666
20,0.5,50,70,84.5,84.5,1,1,0,0.744
20,0.5,50,100,84.5,84.5,1,1,0,0.809
20,0.5,50,150,84.5,84.5,1,1,0,0.866
20,0.5,50,200,84.5,84.5,1,1,0,0.892
20,0.5,50,300,84.5,84.5,1,1,0,0.931
20,0.5,50,500,84.5,84.5,1,1,0,0.963
20,0.5,50,1000,84,84,1,1,0,0.982
20,1,100,20,84.5,0,0,0,0,
20,1,100,30,84.5,0,0,0,0,
20,1,100,50,84.5,0,0,0,0,
20,1,100,70,84.5,10,0.118,0.118,0,0.792
20,1,100,100,84.5,83.5,0.988,0.988,0,0.81
20,1,100,150,84.5,84.5,1,1,0,0.866
20,1,100,200,84.5,84.5,1,1,0,0.892
20,1,100,300,84.5,84.5,1,1,0,0.931
20,1,100,500,84.5,84.5,1,1,0,0.963
20,1,100,1000,84,84,1,1,0,0.982
20,2,200,20,84.5,0,0,0,0,
20,2,200,30,84.5,0,0,0,0,
20,2,200,50,84.5,0,0,0,0,
20,2,200,70,84.5,0,0,0,0,
20,2,200,100,84.5,0,0,0,0,
20,2,200,150,84.5,2.5,0.03,0.03,0,0.899
20,2,200,200,84.5,74,0.875,0.875,0,0.896
20,2,200,300,84.5,84.5,1,1,0,0.931
20,2,200,500,84.5,84.5,1,1,0,0.963
20,2,200,1000,84,84,1,1,0,0.982
20,3,300,20,84.5,0,0,0,0,
20,3,300,30,84.5,0,0,0,0,
20,3,300,50,84.5,0,0,0,0,
20,3,300,70,84.5,0,0,0,0,
20,3,300,100,84.5,0,0,0,0,
20,3,300,150,84.5,0,0,0,0,
20,3,300,200,84.5,0,0,0,0,
20,3,300,300,84.5,63.5,0.75,0.75,0,0.934
20,3,300,500,84.5,84.5,1,1,0,0.963
20,3,300,1000,84,84,1,1,0,0.982
20,5,500,20,84.5,0,0,0,0,
20,5,500,30,84.5,0,0,0,0,
20,5,500,50,84.5,0,0,0,0,
20,5,500,70,84.5,0,0,0,0,
20,5,500,100,84.5,0,0,0,0,
20,5,500,150,84.5,0,0,0,0,
20,5,500,200,84.5,0,0,0,0,
20,5,500,300,84.5,0,0,0,0,
20,5,500,500,84.5,54.5,0.646,0.646,0,0.963
20,5,500,1000,84,84,1,1,0,0.982
40,0.5,50,20,84.5,82.5,0.976,0.00562,0,0.357
40,0.5,50,30,84.5,84.5,1,0.32,0,0.461
40,0.5,50,50,84.5,84.5,1,1,0,0.597
40,0.5,50,70,84.5,84.5,1,1,0,0.679
40,0.5,50,100,84.5,84.5,1,1,0,0.747
40,0.5,50,150,84.5,84.5,1,1,0,0.817
40,0.5,50,200,84.5,84.5,1,1,0,0.858
40,0.5,50,300,84.5,84.5,1,1,0,0.905
40,0.5,50,500,84.5,84.5,1,1,0,0.947
40,0.5,50,1000,84,84,1,1,0,0.973
40,1,100,20,84.5,0,0,0,0,
40,1,100,30,84.5,0,0,0,0,
40,1,100,50,84.5,0,0,0,0,
40,1,100,70,84.5,55.5,0.659,0.659,0,0.686
40,1,100,100,84.5,84.5,1,1,0,0.747
40,1,100,150,84.5,84.5,1,1,0,0.817
40,1,100,200,84.5,84.5,1,1,0,0.858
40,1,100,300,84.5,84.5,1,1,0,0.905
40,1,100,500,84.5,84.5,1,1,0,0.947
40,1,100,1000,84,84,1,1,0,0.973
40,2,200,20,84.5,0,0,0,0,
40,2,200,30,84.5,0,0,0,0,
40,2,200,50,84.5,0,0,0,0,
40,2,200,70,84.5,0,0,0,0,
40,2,200,100,84.5,0,0,0,0,
40,2,200,150,84.5,11,0.133,0.133,0,0.836
40,2,200,200,84.5,82,0.97,0.97,0,0.859
40,2,200,300,84.5,84.5,1,1,0,0.905
40,2,200,500,84.5,84.5,1,1,0,0.947
40,2,200,1000,84,84,1,1,0,0.973
40,3,300,20,84.5,0,0,0,0,
40,3,300,30,84.5,0,0,0,0,
40,3,300,50,84.5,0,0,0,0,
40,3,300,70,84.5,0,0,0,0,
40,3,300,100,84.5,0,0,0,0,
40,3,300,150,84.5,0,0,0,0,
40,3,300,200,84.5,0,0,0,0,
40,3,300,300,84.5,73.5,0.869,0.869,0,0.906
40,3,300,500,84.5,84.5,1,1,0,0.947
40,3,300,1000,84,84,1,1,0,0.973
40,5,500,20,84.5,0,0,0,0,
40,5,500,30,84.5,0,0,0,0,
40,5,500,50,84.5,0,0,0,0,
40,5,500,70,84.5,0,0,0,0,
40,5,500,100,84.5,0,0,0,0,
40,5,500,150,84.5,0,0,0,0,
40,5,500,200,84.5,0,0,0,0,
40,5,500,300,84.5,0,0,0,0,
40,5,500,500,84.5,59.5,0.703,0.703,0,0.95
40,5,500,1000,84,84,1,1,0,0.973
